accession	geo_loc	niche	amr_genes	plasmid_cluster	mobility	rep_type	relaxase	mpf_type	size	contig_id
GCA_028844625.1	France	H	['aadA1', 'aadA12', 'aadA22', 'blaA', 'catA1', 'catB2', 'dfrA1', 'qacEdelta1', 'sul1', 'tet(A)', 'vat(F)']	AC296	-	IncP	-	MPF_T,MPF_T,MPF_T	21122	DANMZJ010000066.1 TPA_asm: Yersinia enterocolitica isolate I
GCA_028844625.1	France	H	['aadA1', 'aadA12', 'aadA22', 'blaA', 'catA1', 'catB2', 'dfrA1', 'qacEdelta1', 'sul1', 'tet(A)', 'vat(F)']	AC296	-	-	MOBP	MPF_T	15465	DANMZJ010000094.1 TPA_asm: Yersinia enterocolitica isolate I
GCA_028844625.1	France	H	['aadA1', 'aadA12', 'aadA22', 'blaA', 'catA1', 'catB2', 'dfrA1', 'qacEdelta1', 'sul1', 'tet(A)', 'vat(F)']	AA996	-	-	-	-	8075	DANMZJ010000167.1 TPA_asm: Yersinia enterocolitica isolate I
GCA_028844625.1	France	H	['aadA1', 'aadA12', 'aadA22', 'blaA', 'catA1', 'catB2', 'dfrA1', 'qacEdelta1', 'sul1', 'tet(A)', 'vat(F)']	AA996	-	-	MOBF	-	6152	DANMZJ010000192.1 TPA_asm: Yersinia enterocolitica isolate I
GCA_028844625.1	France	H	['aadA1', 'aadA12', 'aadA22', 'blaA', 'catA1', 'catB2', 'dfrA1', 'qacEdelta1', 'sul1', 'tet(A)', 'vat(F)']	AC296	-	-	-	-	5826	DANMZJ010000201.1 TPA_asm: Yersinia enterocolitica isolate I
GCA_028844625.1	France	H	['aadA1', 'aadA12', 'aadA22', 'blaA', 'catA1', 'catB2', 'dfrA1', 'qacEdelta1', 'sul1', 'tet(A)', 'vat(F)']	AC082	-	-	-	-	5531	DANMZJ010000207.1 TPA_asm: Yersinia enterocolitica isolate I
GCA_028844625.1	France	H	['aadA1', 'aadA12', 'aadA22', 'blaA', 'catA1', 'catB2', 'dfrA1', 'qacEdelta1', 'sul1', 'tet(A)', 'vat(F)']	AA996	-	IncFII,rep_cluster_2203	-	-	5495	DANMZJ010000209.1 TPA_asm: Yersinia enterocolitica isolate I
GCA_028844625.1	France	H	['aadA1', 'aadA12', 'aadA22', 'blaA', 'catA1', 'catB2', 'dfrA1', 'qacEdelta1', 'sul1', 'tet(A)', 'vat(F)']	AC296	-	-	-	-	4974	DANMZJ010000216.1 TPA_asm: Yersinia enterocolitica isolate I
GCA_028844625.1	France	H	['aadA1', 'aadA12', 'aadA22', 'blaA', 'catA1', 'catB2', 'dfrA1', 'qacEdelta1', 'sul1', 'tet(A)', 'vat(F)']	AA996	-	-	-	-	4823	DANMZJ010000220.1 TPA_asm: Yersinia enterocolitica isolate I
GCA_028844625.1	France	H	['aadA1', 'aadA12', 'aadA22', 'blaA', 'catA1', 'catB2', 'dfrA1', 'qacEdelta1', 'sul1', 'tet(A)', 'vat(F)']	AC082	-	-	-	-	4686	DANMZJ010000225.1 TPA_asm: Yersinia enterocolitica isolate I
GCA_028844625.1	France	H	['aadA1', 'aadA12', 'aadA22', 'blaA', 'catA1', 'catB2', 'dfrA1', 'qacEdelta1', 'sul1', 'tet(A)', 'vat(F)']	AA996	-	-	-	-	4404	DANMZJ010000231.1 TPA_asm: Yersinia enterocolitica isolate I
GCA_028844625.1	France	H	['aadA1', 'aadA12', 'aadA22', 'blaA', 'catA1', 'catB2', 'dfrA1', 'qacEdelta1', 'sul1', 'tet(A)', 'vat(F)']	AC296	-	-	-	-	3751	DANMZJ010000242.1 TPA_asm: Yersinia enterocolitica isolate I
GCA_028844625.1	France	H	['aadA1', 'aadA12', 'aadA22', 'blaA', 'catA1', 'catB2', 'dfrA1', 'qacEdelta1', 'sul1', 'tet(A)', 'vat(F)']	AA996	-	-	-	-	2902	DANMZJ010000261.1 TPA_asm: Yersinia enterocolitica isolate I
GCA_028844625.1	France	H	['aadA1', 'aadA12', 'aadA22', 'blaA', 'catA1', 'catB2', 'dfrA1', 'qacEdelta1', 'sul1', 'tet(A)', 'vat(F)']	AA996	-	-	-	-	2856	DANMZJ010000264.1 TPA_asm: Yersinia enterocolitica isolate I
GCA_028844625.1	France	H	['aadA1', 'aadA12', 'aadA22', 'blaA', 'catA1', 'catB2', 'dfrA1', 'qacEdelta1', 'sul1', 'tet(A)', 'vat(F)']	AA996	-	-	-	-	2382	DANMZJ010000268.1 TPA_asm: Yersinia enterocolitica isolate I
GCA_028844625.1	France	H	['aadA1', 'aadA12', 'aadA22', 'blaA', 'catA1', 'catB2', 'dfrA1', 'qacEdelta1', 'sul1', 'tet(A)', 'vat(F)']	AA996	-	-	-	-	2360	DANMZJ010000270.1 TPA_asm: Yersinia enterocolitica isolate I
GCA_028844625.1	France	H	['aadA1', 'aadA12', 'aadA22', 'blaA', 'catA1', 'catB2', 'dfrA1', 'qacEdelta1', 'sul1', 'tet(A)', 'vat(F)']	AA996	-	rep_cluster_645	-	-	2192	DANMZJ010000273.1 TPA_asm: Yersinia enterocolitica isolate I
GCA_028844625.1	France	H	['aadA1', 'aadA12', 'aadA22', 'blaA', 'catA1', 'catB2', 'dfrA1', 'qacEdelta1', 'sul1', 'tet(A)', 'vat(F)']	AA996	-	-	-	-	2087	DANMZJ010000276.1 TPA_asm: Yersinia enterocolitica isolate I
GCA_028844625.1	France	H	['aadA1', 'aadA12', 'aadA22', 'blaA', 'catA1', 'catB2', 'dfrA1', 'qacEdelta1', 'sul1', 'tet(A)', 'vat(F)']	AA996	-	-	-	-	1836	DANMZJ010000283.1 TPA_asm: Yersinia enterocolitica isolate I
GCA_028844625.1	France	H	['aadA1', 'aadA12', 'aadA22', 'blaA', 'catA1', 'catB2', 'dfrA1', 'qacEdelta1', 'sul1', 'tet(A)', 'vat(F)']	AC296	-	-	-	-	1595	DANMZJ010000288.1 TPA_asm: Yersinia enterocolitica isolate I
GCA_028844625.1	France	H	['aadA1', 'aadA12', 'aadA22', 'blaA', 'catA1', 'catB2', 'dfrA1', 'qacEdelta1', 'sul1', 'tet(A)', 'vat(F)']	AA996	-	-	-	-	1552	DANMZJ010000293.1 TPA_asm: Yersinia enterocolitica isolate I
GCA_028844625.1	France	H	['aadA1', 'aadA12', 'aadA22', 'blaA', 'catA1', 'catB2', 'dfrA1', 'qacEdelta1', 'sul1', 'tet(A)', 'vat(F)']	AA996	-	-	-	-	1440	DANMZJ010000297.1 TPA_asm: Yersinia enterocolitica isolate I
GCA_028844625.1	France	H	['aadA1', 'aadA12', 'aadA22', 'blaA', 'catA1', 'catB2', 'dfrA1', 'qacEdelta1', 'sul1', 'tet(A)', 'vat(F)']	AA996	-	-	-	-	1429	DANMZJ010000298.1 TPA_asm: Yersinia enterocolitica isolate I
GCA_028844625.1	France	H	['aadA1', 'aadA12', 'aadA22', 'blaA', 'catA1', 'catB2', 'dfrA1', 'qacEdelta1', 'sul1', 'tet(A)', 'vat(F)']	AA996	-	-	-	-	1364	DANMZJ010000302.1 TPA_asm: Yersinia enterocolitica isolate I
GCA_028844625.1	France	H	['aadA1', 'aadA12', 'aadA22', 'blaA', 'catA1', 'catB2', 'dfrA1', 'qacEdelta1', 'sul1', 'tet(A)', 'vat(F)']	AA996	-	-	-	-	1282	DANMZJ010000303.1 TPA_asm: Yersinia enterocolitica isolate I
GCA_028844625.1	France	H	['aadA1', 'aadA12', 'aadA22', 'blaA', 'catA1', 'catB2', 'dfrA1', 'qacEdelta1', 'sul1', 'tet(A)', 'vat(F)']	AC296	-	-	-	-	1197	DANMZJ010000306.1 TPA_asm: Yersinia enterocolitica isolate I
GCA_028844625.1	France	H	['aadA1', 'aadA12', 'aadA22', 'blaA', 'catA1', 'catB2', 'dfrA1', 'qacEdelta1', 'sul1', 'tet(A)', 'vat(F)']	AC296	-	-	-	-	3833	DANMZJ010000333.1 TPA_asm: Yersinia enterocolitica isolate I
GCA_028844625.1	France	H	['aadA1', 'aadA12', 'aadA22', 'blaA', 'catA1', 'catB2', 'dfrA1', 'qacEdelta1', 'sul1', 'tet(A)', 'vat(F)']	AC082	-	-	-	-	2196	DANMZJ010000334.1 TPA_asm: Yersinia enterocolitica isolate I
GCA_028844625.1	France	H	['aadA1', 'aadA12', 'aadA22', 'blaA', 'catA1', 'catB2', 'dfrA1', 'qacEdelta1', 'sul1', 'tet(A)', 'vat(F)']	AC082	-	-	-	-	2184	DANMZJ010000335.1 TPA_asm: Yersinia enterocolitica isolate I
GCA_028844625.1	France	H	['aadA1', 'aadA12', 'aadA22', 'blaA', 'catA1', 'catB2', 'dfrA1', 'qacEdelta1', 'sul1', 'tet(A)', 'vat(F)']	AC296	-	-	-	-	1365	DANMZJ010000336.1 TPA_asm: Yersinia enterocolitica isolate I
GCA_028849345.1	not applicable	H	['aadA1', 'blaA', 'dfrA1', 'sat2', 'tet(H)', 'vat(F)']	AB620	-	-	-	-	2814	ABKTKY010000065.1 Yersinia enterocolitica isolate 702935 SAM
GCA_028849345.1	not applicable	H	['aadA1', 'blaA', 'dfrA1', 'sat2', 'tet(H)', 'vat(F)']	AB620	-	-	-	-	1784	ABKTKY010000068.1 Yersinia enterocolitica isolate 702935 SAM
GCA_028849345.1	not applicable	H	['aadA1', 'blaA', 'dfrA1', 'sat2', 'tet(H)', 'vat(F)']	AB620	-	-	-	-	2846	ABKTKY010000076.1 Yersinia enterocolitica isolate 702935 SAM
GCA_037206555.1	United Kingdom: United Kingdom	H	['aadA1', 'blaA', 'dfrA14', 'floR', 'sat2', 'sul2', 'tet(D)', 'vat(F)']	AD312	-	-	-	-	3520	ABQSFI010000044.1 Yersinia enterocolitica strain 01448978 SA
GCA_037206555.1	United Kingdom: United Kingdom	H	['aadA1', 'blaA', 'dfrA14', 'floR', 'sat2', 'sul2', 'tet(D)', 'vat(F)']	AD312	-	-	-	-	2435	ABQSFI010000047.1 Yersinia enterocolitica strain 01448978 SA
GCA_037206555.1	United Kingdom: United Kingdom	H	['aadA1', 'blaA', 'dfrA14', 'floR', 'sat2', 'sul2', 'tet(D)', 'vat(F)']	AD312	-	-	-	-	1628	ABQSFI010000054.1 Yersinia enterocolitica strain 01448978 SA
GCA_037206555.1	United Kingdom: United Kingdom	H	['aadA1', 'blaA', 'dfrA14', 'floR', 'sat2', 'sul2', 'tet(D)', 'vat(F)']	AD312	-	-	-	-	3602	ABQSFI010000079.1 Yersinia enterocolitica strain 01448978 SA
GCA_037206555.1	United Kingdom: United Kingdom	H	['aadA1', 'blaA', 'dfrA14', 'floR', 'sat2', 'sul2', 'tet(D)', 'vat(F)']	AD312	-	-	-	-	1633	ABQSFI010000081.1 Yersinia enterocolitica strain 01448978 SA
GCA_038086935.1	United Kingdom: United Kingdom	H	['aadA1', 'blaA', 'dfrA14', 'floR', 'sat2', 'sul2', 'tet(D)', 'vat(F)']	AD312	-	-	-	-	3520	ABRRQI010000044.1 Yersinia enterocolitica strain 01466996 SA
GCA_038086935.1	United Kingdom: United Kingdom	H	['aadA1', 'blaA', 'dfrA14', 'floR', 'sat2', 'sul2', 'tet(D)', 'vat(F)']	AD312	-	-	-	-	1628	ABRRQI010000050.1 Yersinia enterocolitica strain 01466996 SA
GCA_038086935.1	United Kingdom: United Kingdom	H	['aadA1', 'blaA', 'dfrA14', 'floR', 'sat2', 'sul2', 'tet(D)', 'vat(F)']	AD312	-	-	-	-	4689	ABRRQI010000077.1 Yersinia enterocolitica strain 01466996 SA
GCA_038086935.1	United Kingdom: United Kingdom	H	['aadA1', 'blaA', 'dfrA14', 'floR', 'sat2', 'sul2', 'tet(D)', 'vat(F)']	AD312	-	-	-	-	3602	ABRRQI010000078.1 Yersinia enterocolitica strain 01466996 SA
GCA_038086935.1	United Kingdom: United Kingdom	H	['aadA1', 'blaA', 'dfrA14', 'floR', 'sat2', 'sul2', 'tet(D)', 'vat(F)']	AD312	-	-	-	-	2517	ABRRQI010000079.1 Yersinia enterocolitica strain 01466996 SA
GCA_038086935.1	United Kingdom: United Kingdom	H	['aadA1', 'blaA', 'dfrA14', 'floR', 'sat2', 'sul2', 'tet(D)', 'vat(F)']	AD312	-	-	-	-	1633	ABRRQI010000080.1 Yersinia enterocolitica strain 01466996 SA
GCA_045490595.1	USA	H	['aadA1', 'blaA', 'catB2', 'dfrA1', 'sat2', 'vat(F)']	AF951	-	IncFII	-	-	31777	DBCWWT010000032.1 TPA_asm: Yersinia enterocolitica strain PN
GCA_053918615.1	United Kingdom: United Kingdom	F	['aadA1', 'blaA', 'catB2', 'dfrA1', 'qacEdelta1', 'sat2', 'sul1', 'tet(A)', 'vat(F)']	NO_PLASMID	-	-	-	-	0	-
GCA_055639965.1	United Kingdom: United Kingdom	H	"['aac(3)-IVa', 'aadA1', 'aadA2', ""aph(3'')-Ib"", ""aph(3')-Ia"", 'aph(4)-Ia', 'aph(6)-Id', 'blaA', 'dfrA14', 'floR', 'qacEdelta1', 'sat2', 'sul1', 'sul2', 'tet(D)', 'vat(F)']"	AA857	-	-	MOBH,MOBH	MPF_F,MPF_F,MPF_F,MPF_F,MPF_F,MPF_F,MPF_T	75534	ACCLJU010000023.1 Yersinia enterocolitica strain 01915401 SA
GCA_055639965.1	United Kingdom: United Kingdom	H	"['aac(3)-IVa', 'aadA1', 'aadA2', ""aph(3'')-Ib"", ""aph(3')-Ia"", 'aph(4)-Ia', 'aph(6)-Id', 'blaA', 'dfrA14', 'floR', 'qacEdelta1', 'sat2', 'sul1', 'sul2', 'tet(D)', 'vat(F)']"	AA857	-	IncC	-	MPF_F	34620	ACCLJU010000040.1 Yersinia enterocolitica strain 01915401 SA
GCA_055639965.1	United Kingdom: United Kingdom	H	"['aac(3)-IVa', 'aadA1', 'aadA2', ""aph(3'')-Ib"", ""aph(3')-Ia"", 'aph(4)-Ia', 'aph(6)-Id', 'blaA', 'dfrA14', 'floR', 'qacEdelta1', 'sat2', 'sul1', 'sul2', 'tet(D)', 'vat(F)']"	AA857	-	-	-	-	16891	ACCLJU010000048.1 Yersinia enterocolitica strain 01915401 SA
GCA_055639965.1	United Kingdom: United Kingdom	H	"['aac(3)-IVa', 'aadA1', 'aadA2', ""aph(3'')-Ib"", ""aph(3')-Ia"", 'aph(4)-Ia', 'aph(6)-Id', 'blaA', 'dfrA14', 'floR', 'qacEdelta1', 'sat2', 'sul1', 'sul2', 'tet(D)', 'vat(F)']"	AA857	-	-	-	-	8707	ACCLJU010000051.1 Yersinia enterocolitica strain 01915401 SA
GCA_055639965.1	United Kingdom: United Kingdom	H	"['aac(3)-IVa', 'aadA1', 'aadA2', ""aph(3'')-Ib"", ""aph(3')-Ia"", 'aph(4)-Ia', 'aph(6)-Id', 'blaA', 'dfrA14', 'floR', 'qacEdelta1', 'sat2', 'sul1', 'sul2', 'tet(D)', 'vat(F)']"	AA857	-	-	-	-	3520	ACCLJU010000058.1 Yersinia enterocolitica strain 01915401 SA
GCA_055639965.1	United Kingdom: United Kingdom	H	"['aac(3)-IVa', 'aadA1', 'aadA2', ""aph(3'')-Ib"", ""aph(3')-Ia"", 'aph(4)-Ia', 'aph(6)-Id', 'blaA', 'dfrA14', 'floR', 'qacEdelta1', 'sat2', 'sul1', 'sul2', 'tet(D)', 'vat(F)']"	AA857	-	-	-	-	3428	ACCLJU010000059.1 Yersinia enterocolitica strain 01915401 SA
GCA_055639965.1	United Kingdom: United Kingdom	H	"['aac(3)-IVa', 'aadA1', 'aadA2', ""aph(3'')-Ib"", ""aph(3')-Ia"", 'aph(4)-Ia', 'aph(6)-Id', 'blaA', 'dfrA14', 'floR', 'qacEdelta1', 'sat2', 'sul1', 'sul2', 'tet(D)', 'vat(F)']"	AA857	-	-	-	-	3169	ACCLJU010000060.1 Yersinia enterocolitica strain 01915401 SA
GCA_055639965.1	United Kingdom: United Kingdom	H	"['aac(3)-IVa', 'aadA1', 'aadA2', ""aph(3'')-Ib"", ""aph(3')-Ia"", 'aph(4)-Ia', 'aph(6)-Id', 'blaA', 'dfrA14', 'floR', 'qacEdelta1', 'sat2', 'sul1', 'sul2', 'tet(D)', 'vat(F)']"	AA857	-	-	-	-	2022	ACCLJU010000066.1 Yersinia enterocolitica strain 01915401 SA
GCA_055639965.1	United Kingdom: United Kingdom	H	"['aac(3)-IVa', 'aadA1', 'aadA2', ""aph(3'')-Ib"", ""aph(3')-Ia"", 'aph(4)-Ia', 'aph(6)-Id', 'blaA', 'dfrA14', 'floR', 'qacEdelta1', 'sat2', 'sul1', 'sul2', 'tet(D)', 'vat(F)']"	AA857	-	-	-	-	1886	ACCLJU010000067.1 Yersinia enterocolitica strain 01915401 SA
GCA_055639965.1	United Kingdom: United Kingdom	H	"['aac(3)-IVa', 'aadA1', 'aadA2', ""aph(3'')-Ib"", ""aph(3')-Ia"", 'aph(4)-Ia', 'aph(6)-Id', 'blaA', 'dfrA14', 'floR', 'qacEdelta1', 'sat2', 'sul1', 'sul2', 'tet(D)', 'vat(F)']"	AA857	-	-	-	-	1703	ACCLJU010000069.1 Yersinia enterocolitica strain 01915401 SA
GCA_055639965.1	United Kingdom: United Kingdom	H	"['aac(3)-IVa', 'aadA1', 'aadA2', ""aph(3'')-Ib"", ""aph(3')-Ia"", 'aph(4)-Ia', 'aph(6)-Id', 'blaA', 'dfrA14', 'floR', 'qacEdelta1', 'sat2', 'sul1', 'sul2', 'tet(D)', 'vat(F)']"	AA857	-	-	-	-	1404	ACCLJU010000074.1 Yersinia enterocolitica strain 01915401 SA
GCA_055639965.1	United Kingdom: United Kingdom	H	"['aac(3)-IVa', 'aadA1', 'aadA2', ""aph(3'')-Ib"", ""aph(3')-Ia"", 'aph(4)-Ia', 'aph(6)-Id', 'blaA', 'dfrA14', 'floR', 'qacEdelta1', 'sat2', 'sul1', 'sul2', 'tet(D)', 'vat(F)']"	AA857	-	-	-	-	1349	ACCLJU010000075.1 Yersinia enterocolitica strain 01915401 SA
GCA_055639965.1	United Kingdom: United Kingdom	H	"['aac(3)-IVa', 'aadA1', 'aadA2', ""aph(3'')-Ib"", ""aph(3')-Ia"", 'aph(4)-Ia', 'aph(6)-Id', 'blaA', 'dfrA14', 'floR', 'qacEdelta1', 'sat2', 'sul1', 'sul2', 'tet(D)', 'vat(F)']"	AA857	-	-	-	-	1109	ACCLJU010000076.1 Yersinia enterocolitica strain 01915401 SA
GCA_055639965.1	United Kingdom: United Kingdom	H	"['aac(3)-IVa', 'aadA1', 'aadA2', ""aph(3'')-Ib"", ""aph(3')-Ia"", 'aph(4)-Ia', 'aph(6)-Id', 'blaA', 'dfrA14', 'floR', 'qacEdelta1', 'sat2', 'sul1', 'sul2', 'tet(D)', 'vat(F)']"	AA857	-	-	-	-	1106	ACCLJU010000077.1 Yersinia enterocolitica strain 01915401 SA
GCA_055639965.1	United Kingdom: United Kingdom	H	"['aac(3)-IVa', 'aadA1', 'aadA2', ""aph(3'')-Ib"", ""aph(3')-Ia"", 'aph(4)-Ia', 'aph(6)-Id', 'blaA', 'dfrA14', 'floR', 'qacEdelta1', 'sat2', 'sul1', 'sul2', 'tet(D)', 'vat(F)']"	AA857	-	-	-	-	10560	ACCLJU010000098.1 Yersinia enterocolitica strain 01915401 SA
GCA_055639965.1	United Kingdom: United Kingdom	H	"['aac(3)-IVa', 'aadA1', 'aadA2', ""aph(3'')-Ib"", ""aph(3')-Ia"", 'aph(4)-Ia', 'aph(6)-Id', 'blaA', 'dfrA14', 'floR', 'qacEdelta1', 'sat2', 'sul1', 'sul2', 'tet(D)', 'vat(F)']"	AA857	-	-	-	-	3416	ACCLJU010000101.1 Yersinia enterocolitica strain 01915401 SA
GCA_055639965.1	United Kingdom: United Kingdom	H	"['aac(3)-IVa', 'aadA1', 'aadA2', ""aph(3'')-Ib"", ""aph(3')-Ia"", 'aph(4)-Ia', 'aph(6)-Id', 'blaA', 'dfrA14', 'floR', 'qacEdelta1', 'sat2', 'sul1', 'sul2', 'tet(D)', 'vat(F)']"	AA857	-	-	-	-	1974	ACCLJU010000102.1 Yersinia enterocolitica strain 01915401 SA
GCA_055639965.1	United Kingdom: United Kingdom	H	"['aac(3)-IVa', 'aadA1', 'aadA2', ""aph(3'')-Ib"", ""aph(3')-Ia"", 'aph(4)-Ia', 'aph(6)-Id', 'blaA', 'dfrA14', 'floR', 'qacEdelta1', 'sat2', 'sul1', 'sul2', 'tet(D)', 'vat(F)']"	AA857	-	-	-	-	1974	ACCLJU010000103.1 Yersinia enterocolitica strain 01915401 SA
GCA_055639965.1	United Kingdom: United Kingdom	H	"['aac(3)-IVa', 'aadA1', 'aadA2', ""aph(3'')-Ib"", ""aph(3')-Ia"", 'aph(4)-Ia', 'aph(6)-Id', 'blaA', 'dfrA14', 'floR', 'qacEdelta1', 'sat2', 'sul1', 'sul2', 'tet(D)', 'vat(F)']"	AA857	-	-	-	-	1714	ACCLJU010000105.1 Yersinia enterocolitica strain 01915401 SA
GCA_055639965.1	United Kingdom: United Kingdom	H	"['aac(3)-IVa', 'aadA1', 'aadA2', ""aph(3'')-Ib"", ""aph(3')-Ia"", 'aph(4)-Ia', 'aph(6)-Id', 'blaA', 'dfrA14', 'floR', 'qacEdelta1', 'sat2', 'sul1', 'sul2', 'tet(D)', 'vat(F)']"	AA857	-	-	-	-	1714	ACCLJU010000106.1 Yersinia enterocolitica strain 01915401 SA
GCA_055639965.1	United Kingdom: United Kingdom	H	"['aac(3)-IVa', 'aadA1', 'aadA2', ""aph(3'')-Ib"", ""aph(3')-Ia"", 'aph(4)-Ia', 'aph(6)-Id', 'blaA', 'dfrA14', 'floR', 'qacEdelta1', 'sat2', 'sul1', 'sul2', 'tet(D)', 'vat(F)']"	AA857	-	-	-	-	1583	ACCLJU010000107.1 Yersinia enterocolitica strain 01915401 SA
GCA_055639965.1	United Kingdom: United Kingdom	H	"['aac(3)-IVa', 'aadA1', 'aadA2', ""aph(3'')-Ib"", ""aph(3')-Ia"", 'aph(4)-Ia', 'aph(6)-Id', 'blaA', 'dfrA14', 'floR', 'qacEdelta1', 'sat2', 'sul1', 'sul2', 'tet(D)', 'vat(F)']"	AA857	-	-	-	-	1583	ACCLJU010000108.1 Yersinia enterocolitica strain 01915401 SA
GCA_055639965.1	United Kingdom: United Kingdom	H	"['aac(3)-IVa', 'aadA1', 'aadA2', ""aph(3'')-Ib"", ""aph(3')-Ia"", 'aph(4)-Ia', 'aph(6)-Id', 'blaA', 'dfrA14', 'floR', 'qacEdelta1', 'sat2', 'sul1', 'sul2', 'tet(D)', 'vat(F)']"	AA857	-	-	-	-	1583	ACCLJU010000109.1 Yersinia enterocolitica strain 01915401 SA
GCA_055639965.1	United Kingdom: United Kingdom	H	"['aac(3)-IVa', 'aadA1', 'aadA2', ""aph(3'')-Ib"", ""aph(3')-Ia"", 'aph(4)-Ia', 'aph(6)-Id', 'blaA', 'dfrA14', 'floR', 'qacEdelta1', 'sat2', 'sul1', 'sul2', 'tet(D)', 'vat(F)']"	AA857	-	-	-	-	1486	ACCLJU010000110.1 Yersinia enterocolitica strain 01915401 SA
GCA_055639965.1	United Kingdom: United Kingdom	H	"['aac(3)-IVa', 'aadA1', 'aadA2', ""aph(3'')-Ib"", ""aph(3')-Ia"", 'aph(4)-Ia', 'aph(6)-Id', 'blaA', 'dfrA14', 'floR', 'qacEdelta1', 'sat2', 'sul1', 'sul2', 'tet(D)', 'vat(F)']"	AA857	-	-	-	-	999	ACCLJU010000111.1 Yersinia enterocolitica strain 01915401 SA
GCA_902169495.1		U	['aadA1', 'blaA', 'dfrA1', 'sat2', 'vat(F)']	AA996	-	-	-	-	2243	CABHUB010000015.1 Yersinia enterocolitica isolate IP38293 ge
GCA_902169495.1		U	['aadA1', 'blaA', 'dfrA1', 'sat2', 'vat(F)']	AA996	-	-	MOBF	-	11324	CABHUB010000058.1 Yersinia enterocolitica isolate IP38293 ge
GCA_902169495.1		U	['aadA1', 'blaA', 'dfrA1', 'sat2', 'vat(F)']	AA996	-	IncFII,rep_cluster_2203	-	-	4379	CABHUB010000109.1 Yersinia enterocolitica isolate IP38293 ge
GCA_902169495.1		U	['aadA1', 'blaA', 'dfrA1', 'sat2', 'vat(F)']	AA996	-	-	-	-	9382	CABHUB010000119.1 Yersinia enterocolitica isolate IP38293 ge
GCA_902169495.1		U	['aadA1', 'blaA', 'dfrA1', 'sat2', 'vat(F)']	AA996	-	rep_cluster_645	-	-	41397	CABHUB010000156.1 Yersinia enterocolitica isolate IP38293 ge
GCA_963896995.1	not collected	U	['aadA1', 'blaA', 'dfrA1', 'sat2', 'vat(F)']	AA996	-	rep_cluster_645	-	-	41386	CAWQQJ010000041.1 Yersinia enterocolitica isolate ena-yuan-G
GCA_963896995.1	not collected	U	['aadA1', 'blaA', 'dfrA1', 'sat2', 'vat(F)']	AA996	-	-	MOBF	-	11575	CAWQQJ010000076.1 Yersinia enterocolitica isolate ena-yuan-G
GCA_963896995.1	not collected	U	['aadA1', 'blaA', 'dfrA1', 'sat2', 'vat(F)']	AA996	-	-	-	-	9648	CAWQQJ010000080.1 Yersinia enterocolitica isolate ena-yuan-G
GCA_963896995.1	not collected	U	['aadA1', 'blaA', 'dfrA1', 'sat2', 'vat(F)']	AA996	-	IncFII,rep_cluster_2203	-	-	5851	CAWQQJ010000095.1 Yersinia enterocolitica isolate ena-yuan-G
GCA_963897065.1	not collected	U	['aadA1', 'blaA', 'dfrA1', 'sat2', 'vat(F)']	AA996	-	IncFII,rep_cluster_2203,rep_cluster_645	-	-	54418	CAWQQR010000028.1 Yersinia enterocolitica isolate ena-yuan-G
GCA_963897065.1	not collected	U	['aadA1', 'blaA', 'dfrA1', 'sat2', 'vat(F)']	AA996	-	-	MOBF	-	11575	CAWQQR010000073.1 Yersinia enterocolitica isolate ena-yuan-G
GCA_963897065.1	not collected	U	['aadA1', 'blaA', 'dfrA1', 'sat2', 'vat(F)']	AA996	-	-	-	-	9690	CAWQQR010000077.1 Yersinia enterocolitica isolate ena-yuan-G
GCA_963897205.1	not collected	U	['aadA1', 'blaA', 'dfrA1', 'sat2', 'vat(F)']	NO_PLASMID	-	-	-	-	0	-
GCA_963897245.1	not collected	U	['aadA1', 'blaA', 'dfrA1', 'sat2', 'vat(F)']	AA996	-	-	-	-	1472	CAWQQN010000008.1 Yersinia enterocolitica isolate ena-yuan-G
GCA_963897245.1	not collected	U	['aadA1', 'blaA', 'dfrA1', 'sat2', 'vat(F)']	AA996	-	rep_cluster_645	-	-	41627	CAWQQN010000045.1 Yersinia enterocolitica isolate ena-yuan-G
GCA_963897245.1	not collected	U	['aadA1', 'blaA', 'dfrA1', 'sat2', 'vat(F)']	AA996	-	-	MOBF	-	11669	CAWQQN010000082.1 Yersinia enterocolitica isolate ena-yuan-G
GCA_963897245.1	not collected	U	['aadA1', 'blaA', 'dfrA1', 'sat2', 'vat(F)']	AA996	-	-	-	-	9541	CAWQQN010000086.1 Yersinia enterocolitica isolate ena-yuan-G
GCA_963897245.1	not collected	U	['aadA1', 'blaA', 'dfrA1', 'sat2', 'vat(F)']	AA996	-	IncFII,rep_cluster_2203	-	-	5812	CAWQQN010000104.1 Yersinia enterocolitica isolate ena-yuan-G
GCA_963897525.1	not collected	U	['aadA1', 'blaA', 'dfrA1', 'sat2', 'vat(F)']	AA996	-	rep_cluster_645	-	-	50738	CAWQQM010000029.1 Yersinia enterocolitica isolate ena-yuan-G
GCA_963897525.1	not collected	U	['aadA1', 'blaA', 'dfrA1', 'sat2', 'vat(F)']	AA996	-	-	MOBF	-	11575	CAWQQM010000069.1 Yersinia enterocolitica isolate ena-yuan-G
GCA_963897525.1	not collected	U	['aadA1', 'blaA', 'dfrA1', 'sat2', 'vat(F)']	AA996	-	IncFII,rep_cluster_2203	-	-	5812	CAWQQM010000084.1 Yersinia enterocolitica isolate ena-yuan-G
GCA_963897945.1	not collected	U	['aadA1', 'blaA', 'dfrA1', 'sat2', 'vat(F)']	AA996	-	IncFII,rep_cluster_2203,rep_cluster_645	-	-	53639	CAWQUI010000047.1 Yersinia enterocolitica isolate ena-yuan-G
GCA_963897945.1	not collected	U	['aadA1', 'blaA', 'dfrA1', 'sat2', 'vat(F)']	AA996	-	-	MOBF	-	11669	CAWQUI010000102.1 Yersinia enterocolitica isolate ena-yuan-G
GCA_963897945.1	not collected	U	['aadA1', 'blaA', 'dfrA1', 'sat2', 'vat(F)']	AA996	-	-	-	-	9691	CAWQUI010000105.1 Yersinia enterocolitica isolate ena-yuan-G
GCA_963898325.1	not collected	U	['aadA1', 'blaA', 'dfrA1', 'sat2', 'vat(F)']	NO_PLASMID	-	-	-	-	0	-
GCA_963899055.1	not collected	U	['aadA1', 'blaA', 'dfrA1', 'sat2', 'vat(F)']	NO_PLASMID	-	-	-	-	0	-
GCA_963899105.1	not collected	U	['aadA1', 'blaA', 'dfrA1', 'sat2', 'vat(F)']	AA996	-	rep_cluster_645	-	-	40818	CAWQYB010000035.1 Yersinia enterocolitica isolate ena-yuan-G
GCA_963899105.1	not collected	U	['aadA1', 'blaA', 'dfrA1', 'sat2', 'vat(F)']	AA996	-	-	MOBF	-	22455	CAWQYB010000051.1 Yersinia enterocolitica isolate ena-yuan-G
GCA_963899105.1	not collected	U	['aadA1', 'blaA', 'dfrA1', 'sat2', 'vat(F)']	AA996	-	IncFII,rep_cluster_2203	-	-	5972	CAWQYB010000080.1 Yersinia enterocolitica isolate ena-yuan-G
GCA_963899195.1	not collected	U	['aadA1', 'blaA', 'dfrA1', 'sat2', 'vat(F)']	NO_PLASMID	-	-	-	-	0	-
GCA_963899755.1	not collected	U	['aadA1', 'blaA', 'dfrA1', 'sat2', 'vat(F)']	AA996	-	rep_cluster_645	-	-	41385	CAWRBL010000050.1 Yersinia enterocolitica isolate ena-yuan-G
GCA_963899755.1	not collected	U	['aadA1', 'blaA', 'dfrA1', 'sat2', 'vat(F)']	AA996	-	-	MOBF	-	11575	CAWRBL010000087.1 Yersinia enterocolitica isolate ena-yuan-G
GCA_963899755.1	not collected	U	['aadA1', 'blaA', 'dfrA1', 'sat2', 'vat(F)']	AA996	-	-	-	-	9648	CAWRBL010000090.1 Yersinia enterocolitica isolate ena-yuan-G
GCF_022395055.1	Brazil: Minas_Gerais_1	A	['aadA1', 'blaA', 'dfrA1', 'sat2', 'vat(F)']	NO_PLASMID	-	-	-	-	0	-
GCF_022395095.1	Brazil: Minas_Gerais_1	A	['aadA1', 'blaA', 'dfrA1', 'sat2', 'vat(F)']	NO_PLASMID	-	-	-	-	0	-
GCF_022395135.1	Brazil: Minas_Gerais_1	A	['aadA1', 'blaA', 'dfrA1', 'sat2', 'vat(F)']	AA996	-	IncFII,rep_cluster_2203,rep_cluster_645	-	-	53639	NZ_JAHSQW010000032.1 Yersinia enterocolitica strain 52 NMNEJ
GCF_022395135.1	Brazil: Minas_Gerais_1	A	['aadA1', 'blaA', 'dfrA1', 'sat2', 'vat(F)']	AA996	-	-	MOBF	-	11669	NZ_JAHSQW010000082.1 Yersinia enterocolitica strain 52 NMNEJ
GCF_022395135.1	Brazil: Minas_Gerais_1	A	['aadA1', 'blaA', 'dfrA1', 'sat2', 'vat(F)']	AA996	-	-	-	-	9691	NZ_JAHSQW010000085.1 Yersinia enterocolitica strain 52 NMNEJ
GCF_022395155.1	Brazil: Minas_Gerais_1	A	['aadA1', 'blaA', 'dfrA1', 'sat2', 'vat(F)']	AA996	-	IncFII,rep_cluster_2203,rep_cluster_645	-	-	54418	NZ_JAHSQU010000032.1 Yersinia enterocolitica strain 27 KPHKJ
GCF_022395155.1	Brazil: Minas_Gerais_1	A	['aadA1', 'blaA', 'dfrA1', 'sat2', 'vat(F)']	AA996	-	-	MOBF	-	11575	NZ_JAHSQU010000073.1 Yersinia enterocolitica strain 27 KPHKJ
GCF_022395155.1	Brazil: Minas_Gerais_1	A	['aadA1', 'blaA', 'dfrA1', 'sat2', 'vat(F)']	AA996	-	-	-	-	9690	NZ_JAHSQU010000077.1 Yersinia enterocolitica strain 27 KPHKJ
GCF_022395165.1	Brazil: Minas_Gerais_1	A	['aadA1', 'blaA', 'dfrA1', 'sat2', 'vat(F)']	AA996	-	rep_cluster_645	-	-	41627	NZ_JAHSQV010000038.1 Yersinia enterocolitica strain 51 CILAC
GCF_022395165.1	Brazil: Minas_Gerais_1	A	['aadA1', 'blaA', 'dfrA1', 'sat2', 'vat(F)']	AA996	-	-	MOBF	-	11669	NZ_JAHSQV010000071.1 Yersinia enterocolitica strain 51 CILAC
GCF_022395165.1	Brazil: Minas_Gerais_1	A	['aadA1', 'blaA', 'dfrA1', 'sat2', 'vat(F)']	AA996	-	-	-	-	9541	NZ_JAHSQV010000075.1 Yersinia enterocolitica strain 51 CILAC
GCF_022395165.1	Brazil: Minas_Gerais_1	A	['aadA1', 'blaA', 'dfrA1', 'sat2', 'vat(F)']	AA996	-	IncFII,rep_cluster_2203	-	-	5812	NZ_JAHSQV010000091.1 Yersinia enterocolitica strain 51 CILAC
GCF_022395165.1	Brazil: Minas_Gerais_1	A	['aadA1', 'blaA', 'dfrA1', 'sat2', 'vat(F)']	AA996	-	-	-	-	1472	NZ_JAHSQV010000105.1 Yersinia enterocolitica strain 51 CILAC
GCF_022395195.1	Brazil: Minas_Gerais_1	A	['aadA1', 'blaA', 'dfrA1', 'sat2', 'vat(F)']	AA996	-	rep_cluster_645	-	-	41386	NZ_JAHSQS010000041.1 Yersinia enterocolitica strain 25 KOOIC
GCF_022395195.1	Brazil: Minas_Gerais_1	A	['aadA1', 'blaA', 'dfrA1', 'sat2', 'vat(F)']	AA996	-	-	MOBF	-	11575	NZ_JAHSQS010000073.1 Yersinia enterocolitica strain 25 KOOIC
GCF_022395195.1	Brazil: Minas_Gerais_1	A	['aadA1', 'blaA', 'dfrA1', 'sat2', 'vat(F)']	AA996	-	-	-	-	9648	NZ_JAHSQS010000077.1 Yersinia enterocolitica strain 25 KOOIC
GCF_022395195.1	Brazil: Minas_Gerais_1	A	['aadA1', 'blaA', 'dfrA1', 'sat2', 'vat(F)']	AA996	-	IncFII,rep_cluster_2203	-	-	5851	NZ_JAHSQS010000090.1 Yersinia enterocolitica strain 25 KOOIC
GCF_022395215.1	Brazil: Minas_Gerais_1	A	['aadA1', 'blaA', 'dfrA1', 'sat2', 'vat(F)']	AA996	-	rep_cluster_645	-	-	50738	NZ_JAHSQY010000035.1 Yersinia enterocolitica strain 85 EEFCE
GCF_022395215.1	Brazil: Minas_Gerais_1	A	['aadA1', 'blaA', 'dfrA1', 'sat2', 'vat(F)']	AA996	-	-	MOBF	-	11575	NZ_JAHSQY010000071.1 Yersinia enterocolitica strain 85 EEFCE
GCF_022395215.1	Brazil: Minas_Gerais_1	A	['aadA1', 'blaA', 'dfrA1', 'sat2', 'vat(F)']	AA996	-	IncFII,rep_cluster_2203	-	-	5812	NZ_JAHSQY010000085.1 Yersinia enterocolitica strain 85 EEFCE
GCF_022395235.1	Brazil: Minas_Gerais_1	A	['aadA1', 'blaA', 'dfrA1', 'sat2', 'vat(F)']	AA996	-	rep_cluster_645	-	-	40818	NZ_JAHSQR010000040.1 Yersinia enterocolitica strain 23 KIPFO
GCF_022395235.1	Brazil: Minas_Gerais_1	A	['aadA1', 'blaA', 'dfrA1', 'sat2', 'vat(F)']	AA996	-	-	MOBF	-	22455	NZ_JAHSQR010000055.1 Yersinia enterocolitica strain 23 KIPFO
GCF_022395235.1	Brazil: Minas_Gerais_1	A	['aadA1', 'blaA', 'dfrA1', 'sat2', 'vat(F)']	AA996	-	IncFII,rep_cluster_2203	-	-	5972	NZ_JAHSQR010000081.1 Yersinia enterocolitica strain 23 KIPFO
GCF_022395255.1	Brazil: Minas_Gerais_1	A	['aadA1', 'blaA', 'dfrA1', 'sat2', 'vat(F)']	NO_PLASMID	-	-	-	-	0	-
GCF_022395275.1	Brazil: Minas_Gerais_1	A	['aadA1', 'blaA', 'dfrA1', 'sat2', 'vat(F)']	AA996	-	rep_cluster_645	-	-	41385	NZ_JAHSQQ010000041.1 Yersinia enterocolitica strain 13 OFHOJ
GCF_022395275.1	Brazil: Minas_Gerais_1	A	['aadA1', 'blaA', 'dfrA1', 'sat2', 'vat(F)']	AA996	-	-	MOBF	-	11575	NZ_JAHSQQ010000075.1 Yersinia enterocolitica strain 13 OFHOJ
GCF_022395275.1	Brazil: Minas_Gerais_1	A	['aadA1', 'blaA', 'dfrA1', 'sat2', 'vat(F)']	AA996	-	-	-	-	9648	NZ_JAHSQQ010000078.1 Yersinia enterocolitica strain 13 OFHOJ
GCF_022395295.1	Brazil: Minas_Gerais_1	A	['aadA1', 'blaA', 'dfrA1', 'sat2', 'vat(F)']	NO_PLASMID	-	-	-	-	0	-
GCF_033712305.1	Brazil	A	['aadA1', 'blaA', 'dfrA1', 'sat2', 'vat(F)']	NO_PLASMID	-	-	-	-	0	-
