accession	species	isolation_source	host	host_disease	source_type	collected_by	matched_term
GCF_000511675.1	Yersinia pseudotuberculosis						no_information
GCF_001598735.1	Yersinia enterocolitica						no_information
GCF_030294965.1	Yersinia pseudotuberculosis						no_information
GCF_036512675.1	Yersinia pseudotuberculosis	missing				missing	no_information
GCF_946902935.1	Yersinia sp.						no_information
GCA_028844385.1	Yersinia enterocolitica	animal					animal | nan | nan
GCA_028844465.1	Yersinia enterocolitica	animal					animal | nan | nan
GCA_028844345.1	Yersinia enterocolitica	animal					animal | nan | nan
GCA_028844365.1	Yersinia enterocolitica	animal					animal | nan | nan
GCA_028844505.1	Yersinia enterocolitica	animal					animal | nan | nan
GCA_028844325.1	Yersinia enterocolitica	animal					animal | nan | nan
GCA_028844305.1	Yersinia enterocolitica	animal					animal | nan | nan
GCA_028844545.1	Yersinia enterocolitica	animal					animal | nan | nan
GCA_028844525.1	Yersinia enterocolitica	animal					animal | nan | nan
GCA_028844265.1	Yersinia enterocolitica	animal					animal | nan | nan
GCA_028844485.1	Yersinia enterocolitica	animal					animal | nan | nan
GCA_028844205.1	Yersinia enterocolitica	animal					animal | nan | nan
GCA_028844225.1	Yersinia enterocolitica	animal					animal | nan | nan
GCA_028844185.1	Yersinia enterocolitica	animal					animal | nan | nan
GCA_028844165.1	Yersinia enterocolitica	animal					animal | nan | nan
GCA_028844105.1	Yersinia enterocolitica	animal					animal | nan | nan
GCA_028844145.1	Yersinia enterocolitica	animal					animal | nan | nan
GCA_028844125.1	Yersinia enterocolitica	animal					animal | nan | nan
GCA_963519055.1	Yersinia enterocolitica	oral metagenome					oral metagenome | nan | nan
GCF_963515165.1	Yersinia massiliensis	oral metagenome					oral metagenome | nan | nan
GCA_963861545.1	Yersinia enterocolitica						no_information
GCA_963865585.1	Yersinia enterocolitica						no_information
GCA_963868655.1	Yersinia enterocolitica						no_information
GCA_963899145.1	Yersinia enterocolitica						no_information
GCA_963861145.1	Yersinia enterocolitica						no_information
GCA_963860505.1	Yersinia enterocolitica						no_information
GCA_963867135.1	Yersinia enterocolitica						no_information
GCA_963866625.1	Yersinia enterocolitica						no_information
GCA_963865685.1	Yersinia enterocolitica						no_information
GCA_963865525.1	Yersinia enterocolitica						no_information
GCA_963865885.1	Yersinia enterocolitica						no_information
GCA_963865995.1	Yersinia enterocolitica						no_information
GCA_963866205.1	Yersinia enterocolitica						no_information
GCA_963867355.1	Yersinia enterocolitica						no_information
GCA_963867745.1	Yersinia enterocolitica						no_information
GCA_963868875.1	Yersinia enterocolitica						no_information
GCA_963867685.1	Yersinia enterocolitica						no_information
GCA_963867465.1	Yersinia enterocolitica						no_information
GCF_963868735.1	Yersinia pekkanenii						no_information
GCA_963869825.1	Yersinia enterocolitica						no_information
GCA_963870225.1	Yersinia enterocolitica						no_information
GCA_963869715.1	Yersinia enterocolitica						no_information
GCA_963870235.1	Yersinia enterocolitica						no_information
GCA_963869815.1	Yersinia enterocolitica						no_information
GCA_963870285.1	Yersinia enterocolitica						no_information
GCA_963895235.1	Yersinia enterocolitica						no_information
GCA_963897395.1	Yersinia enterocolitica						no_information
GCA_963897675.1	Yersinia enterocolitica						no_information
GCA_963897315.1	Yersinia enterocolitica						no_information
GCA_963897505.1	Yersinia enterocolitica						no_information
GCA_963897535.1	Yersinia enterocolitica						no_information
GCA_963897445.1	Yersinia enterocolitica						no_information
GCA_963897555.1	Yersinia enterocolitica						no_information
GCA_963897275.1	Yersinia enterocolitica						no_information
GCA_963897795.1	Yersinia enterocolitica						no_information
GCF_963900425.1	Yersinia bercovieri						no_information
GCF_963901075.1	Yersinia alsatica						no_information
GCF_963900465.1	Yersinia alsatica						no_information
GCF_963900355.1	Yersinia alsatica						no_information
GCF_963900645.1	Yersinia alsatica						no_information
GCF_963900795.1	Yersinia rochesterensis						no_information
GCF_963901335.1	Yersinia rochesterensis						no_information
GCF_963860205.1	Yersinia kristensenii						no_information
GCA_963861195.1	Yersinia enterocolitica						no_information
GCA_963861605.1	Yersinia enterocolitica						no_information
GCA_963860925.1	Yersinia enterocolitica						no_information
GCA_963860475.1	Yersinia enterocolitica						no_information
GCA_963865325.1	Yersinia enterocolitica						no_information
GCA_963864495.1	Yersinia enterocolitica						no_information
GCA_963864275.1	Yersinia enterocolitica						no_information
GCA_963864555.1	Yersinia enterocolitica						no_information
GCA_963864715.1	Yersinia enterocolitica						no_information
GCA_963864535.1	Yersinia enterocolitica						no_information
GCA_963867235.1	Yersinia enterocolitica						no_information
GCA_963866955.1	Yersinia enterocolitica						no_information
GCA_963866165.1	Yersinia enterocolitica						no_information
GCF_963866405.1	Yersinia kristensenii						no_information
GCA_963866385.1	Yersinia enterocolitica						no_information
GCA_963867065.1	Yersinia enterocolitica						no_information
GCA_963866325.1	Yersinia enterocolitica						no_information
GCA_963866595.1	Yersinia enterocolitica						no_information
GCA_963866945.1	Yersinia enterocolitica						no_information
GCA_963867155.1	Yersinia enterocolitica						no_information
GCF_963865855.1	Yersinia kristensenii						no_information
GCA_963867075.1	Yersinia enterocolitica						no_information
GCA_963865575.1	Yersinia enterocolitica						no_information
GCA_963865635.1	Yersinia enterocolitica						no_information
GCA_963865755.1	Yersinia enterocolitica						no_information
GCA_963865595.1	Yersinia enterocolitica						no_information
GCA_963865495.1	Yersinia enterocolitica						no_information
GCA_963865935.1	Yersinia enterocolitica						no_information
GCF_963865785.1	Yersinia kristensenii						no_information
GCA_963866025.1	Yersinia enterocolitica						no_information
GCA_963866085.1	Yersinia enterocolitica						no_information
GCF_963866045.1	Yersinia kristensenii						no_information
GCA_963866215.1	Yersinia enterocolitica						no_information
GCA_963865865.1	Yersinia enterocolitica						no_information
GCF_963866135.1	Yersinia kristensenii						no_information
GCA_963866185.1	Yersinia enterocolitica						no_information
GCA_963866285.1	Yersinia enterocolitica						no_information
GCA_963866885.1	Yersinia enterocolitica						no_information
GCA_963866235.1	Yersinia enterocolitica						no_information
GCA_963865835.1	Yersinia enterocolitica						no_information
GCA_963867405.1	Yersinia enterocolitica						no_information
GCA_963867305.1	Yersinia enterocolitica						no_information
GCA_963868025.1	Yersinia enterocolitica						no_information
GCA_963867975.1	Yersinia enterocolitica						no_information
GCA_963868065.1	Yersinia enterocolitica						no_information
GCA_963867945.1	Yersinia enterocolitica						no_information
GCA_963867455.1	Yersinia enterocolitica						no_information
GCA_963867915.1	Yersinia enterocolitica						no_information
GCA_963867855.1	Yersinia enterocolitica						no_information
GCA_963867925.1	Yersinia enterocolitica						no_information
GCA_963867755.1	Yersinia enterocolitica						no_information
GCA_963867905.1	Yersinia enterocolitica						no_information
GCA_963867815.1	Yersinia enterocolitica						no_information
GCA_963868055.1	Yersinia enterocolitica						no_information
GCA_963867385.1	Yersinia enterocolitica						no_information
GCA_963868315.1	Yersinia enterocolitica						no_information
GCA_963868285.1	Yersinia enterocolitica						no_information
GCA_963868275.1	Yersinia enterocolitica						no_information
GCA_963867985.1	Yersinia enterocolitica						no_information
GCA_963867345.1	Yersinia enterocolitica						no_information
GCA_963867425.1	Yersinia enterocolitica						no_information
GCA_963868355.1	Yersinia enterocolitica						no_information
GCA_963868595.1	Yersinia enterocolitica						no_information
GCA_963868665.1	Yersinia enterocolitica						no_information
GCA_963868785.1	Yersinia enterocolitica						no_information
GCA_963867565.1	Yersinia enterocolitica						no_information
GCA_963867705.1	Yersinia enterocolitica						no_information
GCA_963867775.1	Yersinia enterocolitica						no_information
GCF_963867795.1	Yersinia mollaretii						no_information
GCA_963867895.1	Yersinia enterocolitica						no_information
GCA_963868545.1	Yersinia enterocolitica						no_information
GCA_963868905.1	Yersinia enterocolitica						no_information
GCA_963867595.1	Yersinia enterocolitica						no_information
GCA_963867495.1	Yersinia enterocolitica						no_information
GCA_963867875.1	Yersinia enterocolitica						no_information
GCA_963867735.1	Yersinia enterocolitica						no_information
GCA_963868945.1	Yersinia enterocolitica						no_information
GCA_963868935.1	Yersinia enterocolitica						no_information
GCA_963868955.1	Yersinia enterocolitica						no_information
GCA_963868605.1	Yersinia enterocolitica						no_information
GCA_963867625.1	Yersinia enterocolitica						no_information
GCA_963870355.1	Yersinia enterocolitica						no_information
GCA_963870155.1	Yersinia enterocolitica						no_information
GCA_963869705.1	Yersinia enterocolitica						no_information
GCA_963869585.1	Yersinia enterocolitica						no_information
GCA_963869735.1	Yersinia enterocolitica						no_information
GCA_963869745.1	Yersinia enterocolitica						no_information
GCA_963869555.1	Yersinia enterocolitica						no_information
GCA_963870085.1	Yersinia enterocolitica						no_information
GCA_963869055.1	Yersinia enterocolitica						no_information
GCF_963870125.1	Yersinia mollaretii						no_information
GCF_963870645.1	Yersinia kristensenii						no_information
GCA_963870175.1	Yersinia enterocolitica						no_information
GCA_963870165.1	Yersinia enterocolitica						no_information
GCA_963870055.1	Yersinia enterocolitica						no_information
GCA_963870705.1	Yersinia enterocolitica						no_information
GCA_963871375.1	Yersinia enterocolitica						no_information
GCA_963871335.1	Yersinia enterocolitica						no_information
GCA_963872395.1	Yersinia enterocolitica						no_information
GCF_963873565.1	Yersinia kristensenii						no_information
GCF_963876755.1	Yersinia kristensenii						no_information
GCF_963876845.1	Yersinia kristensenii						no_information
GCF_963876905.1	Yersinia kristensenii						no_information
GCF_963882275.1	Yersinia sp.						no_information
GCA_963881985.1	Yersinia enterocolitica						no_information
GCA_963887265.1	Yersinia enterocolitica						no_information
GCF_963888175.1	Yersinia kristensenii						no_information
GCF_963887985.1	Yersinia kristensenii						no_information
GCF_963887555.1	Yersinia mollaretii						no_information
GCA_963888095.1	Yersinia enterocolitica						no_information
GCA_963889695.1	Yersinia enterocolitica						no_information
GCA_963889715.1	Yersinia enterocolitica						no_information
GCA_963890295.1	Yersinia enterocolitica						no_information
GCF_963892745.1	Yersinia sp.						no_information
GCA_963895585.1	Yersinia enterocolitica						no_information
GCA_963894715.1	Yersinia enterocolitica						no_information
GCA_963894695.1	Yersinia enterocolitica						no_information
GCA_963895315.1	Yersinia enterocolitica						no_information
GCA_963895335.1	Yersinia enterocolitica						no_information
GCA_963896555.1	Yersinia enterocolitica						no_information
GCA_963895015.1	Yersinia enterocolitica						no_information
GCA_963894965.1	Yersinia enterocolitica						no_information
GCA_963894485.1	Yersinia enterocolitica						no_information
GCF_963896155.1	Yersinia kristensenii						no_information
GCA_963894905.1	Yersinia enterocolitica						no_information
GCA_963895345.1	Yersinia enterocolitica						no_information
GCA_963896435.1	Yersinia enterocolitica						no_information
GCA_963896365.1	Yersinia enterocolitica						no_information
GCA_963895435.1	Yersinia enterocolitica						no_information
GCA_963895505.1	Yersinia enterocolitica						no_information
GCA_963898235.1	Yersinia enterocolitica						no_information
GCA_963897175.1	Yersinia enterocolitica						no_information
GCA_963898245.1	Yersinia enterocolitica						no_information
GCA_963897615.1	Yersinia enterocolitica						no_information
GCA_963897625.1	Yersinia enterocolitica						no_information
GCA_963897125.1	Yersinia enterocolitica						no_information
GCA_963898265.1	Yersinia enterocolitica						no_information
GCA_963897305.1	Yersinia enterocolitica						no_information
GCA_963896935.1	Yersinia enterocolitica						no_information
GCA_963897265.1	Yersinia enterocolitica						no_information
GCA_963897785.1	Yersinia enterocolitica						no_information
GCA_963898325.1	Yersinia enterocolitica						no_information
GCA_963897205.1	Yersinia enterocolitica						no_information
GCA_963897895.1	Yersinia enterocolitica						no_information
GCA_963897945.1	Yersinia enterocolitica						no_information
GCA_963897065.1	Yersinia enterocolitica						no_information
GCA_963897245.1	Yersinia enterocolitica						no_information
GCA_963896995.1	Yersinia enterocolitica						no_information
GCA_963897525.1	Yersinia enterocolitica						no_information
GCA_963899105.1	Yersinia enterocolitica						no_information
GCA_963899055.1	Yersinia enterocolitica						no_information
GCA_963899755.1	Yersinia enterocolitica						no_information
GCA_963899195.1	Yersinia enterocolitica						no_information
GCA_963899935.1	Yersinia enterocolitica						no_information
GCA_963899215.1	Yersinia enterocolitica						no_information
GCA_963899865.1	Yersinia enterocolitica						no_information
GCA_963898565.1	Yersinia enterocolitica						no_information
GCA_963898605.1	Yersinia enterocolitica						no_information
GCA_963898625.1	Yersinia enterocolitica						no_information
GCA_963898385.1	Yersinia enterocolitica						no_information
GCA_963898445.1	Yersinia enterocolitica						no_information
GCA_963900045.1	Yersinia enterocolitica						no_information
GCA_963898905.1	Yersinia enterocolitica						no_information
GCA_963899135.1	Yersinia enterocolitica						no_information
GCA_963899025.1	Yersinia enterocolitica						no_information
GCA_963899225.1	Yersinia enterocolitica						no_information
GCA_963899255.1	Yersinia enterocolitica						no_information
GCA_963899325.1	Yersinia enterocolitica						no_information
GCA_963899825.1	Yersinia enterocolitica						no_information
GCA_963899815.1	Yersinia enterocolitica						no_information
GCA_963901235.1	Yersinia enterocolitica						no_information
GCF_963901205.1	Yersinia kristensenii						no_information
GCA_963900395.1	Yersinia enterocolitica						no_information
GCF_963900485.1	Yersinia aleksiciae						no_information
GCF_963900675.1	Yersinia vastinensis						no_information
GCF_963900475.1	Yersinia vastinensis						no_information
GCF_963900415.1	Yersinia alsatica						no_information
GCF_963901175.1	Yersinia alsatica						no_information
GCF_963901255.1	Yersinia alsatica						no_information
GCF_963900715.1	Yersinia alsatica						no_information
GCF_963900315.1	Yersinia alsatica						no_information
GCF_963900685.1	Yersinia vastinensis						no_information
GCF_963900265.1	Yersinia kristensenii						no_information
GCF_963900705.1	Yersinia kristensenii						no_information
GCF_963901315.1	Yersinia frederiksenii						no_information
GCF_963900245.1	Yersinia frederiksenii						no_information
GCF_963901345.1	Yersinia mollaretii						no_information
GCF_963900195.1	Yersinia mollaretii						no_information
GCF_963900535.1	Yersinia mollaretii						no_information
GCF_963900165.1	Yersinia mollaretii						no_information
GCF_963901265.1	Yersinia kristensenii						no_information
GCF_963901385.1	Yersinia vastinensis						no_information
GCA_963901625.1	Yersinia enterocolitica						no_information
GCF_963902215.1	Yersinia kristensenii						no_information
GCF_965137505.1	Yersinia entomophaga						no_information
GCF_965139405.1	Yersinia intermedia						no_information
GCF_965140075.1	Yersinia enterocolitica						no_information
GCF_975055355.1	Yersinia pseudotuberculosis						no_information
GCF_932751145.1	Yersinia enterocolitica						no_information
GCA_033787965.1	Yersinia enterocolitica						no_information
GCA_033817255.1	Yersinia enterocolitica						no_information
GCA_033786465.1	Yersinia enterocolitica						no_information
GCA_033817215.1	Yersinia enterocolitica						no_information
GCA_033817175.1	Yersinia enterocolitica						no_information
GCA_033817095.1	Yersinia enterocolitica						no_information
GCA_033788185.1	Yersinia enterocolitica						no_information
GCA_033817075.1	Yersinia enterocolitica						no_information
GCA_033787945.1	Yersinia enterocolitica						no_information
GCA_033817055.1	Yersinia enterocolitica						no_information
GCA_033786445.1	Yersinia enterocolitica						no_information
GCA_033817015.1	Yersinia enterocolitica						no_information
GCA_033817195.1	Yersinia enterocolitica						no_information
GCA_033788205.1	Yersinia enterocolitica						no_information
GCA_033817155.1	Yersinia enterocolitica						no_information
GCA_033787925.1	Yersinia enterocolitica						no_information
GCA_033787885.1	Yersinia enterocolitica						no_information
GCA_033817035.1	Yersinia enterocolitica						no_information
GCA_033816975.1	Yersinia enterocolitica						no_information
GCA_033816955.1	Yersinia enterocolitica						no_information
GCA_033787625.1	Yersinia enterocolitica						no_information
GCA_033817135.1	Yersinia enterocolitica						no_information
GCA_033816935.1	Yersinia enterocolitica						no_information
GCA_033786405.1	Yersinia enterocolitica						no_information
GCA_033816915.1	Yersinia enterocolitica						no_information
GCA_033787655.1	Yersinia enterocolitica						no_information
GCA_033817115.1	Yersinia enterocolitica						no_information
GCA_033786425.1	Yersinia enterocolitica						no_information
GCA_033816875.1	Yersinia enterocolitica						no_information
GCA_033816815.1	Yersinia enterocolitica						no_information
GCA_033787605.1	Yersinia enterocolitica						no_information
GCA_033816845.1	Yersinia enterocolitica						no_information
GCA_033816835.1	Yersinia enterocolitica						no_information
GCA_033786385.1	Yersinia enterocolitica						no_information
GCA_033816745.1	Yersinia enterocolitica						no_information
GCA_033787585.1	Yersinia enterocolitica						no_information
GCA_033816705.1	Yersinia enterocolitica						no_information
GCA_033788225.1	Yersinia enterocolitica						no_information
GCA_033816725.1	Yersinia enterocolitica						no_information
GCA_033788165.1	Yersinia enterocolitica						no_information
GCA_033787545.1	Yersinia enterocolitica						no_information
GCA_033787565.1	Yersinia enterocolitica						no_information
GCA_033786365.1	Yersinia enterocolitica						no_information
GCA_033816685.1	Yersinia enterocolitica						no_information
GCA_033816665.1	Yersinia enterocolitica						no_information
GCA_033787905.1	Yersinia enterocolitica						no_information
GCA_033816645.1	Yersinia enterocolitica						no_information
GCA_033816625.1	Yersinia enterocolitica						no_information
GCA_033816605.1	Yersinia enterocolitica						no_information
GCA_033787825.1	Yersinia enterocolitica						no_information
GCA_033787525.1	Yersinia enterocolitica						no_information
GCA_033816585.1	Yersinia enterocolitica						no_information
GCA_033816565.1	Yersinia enterocolitica						no_information
GCA_033786345.1	Yersinia enterocolitica						no_information
GCA_033787865.1	Yersinia enterocolitica						no_information
GCA_033816545.1	Yersinia enterocolitica						no_information
GCA_033787285.1	Yersinia enterocolitica						no_information
GCF_001182345.1	Yersinia enterocolitica	not known	unknown				no_information
GCF_001244635.1	Yersinia pekkanenii	not known	unknown				no_information
GCF_000009065.1	Yersinia pestis						no_information
GCF_000009345.1	Yersinia enterocolitica						no_information
GCF_000343975.1	Yersinia pseudotuberculosis						no_information
GCF_000253175.1	Yersinia enterocolitica						no_information
GCF_000284955.1	Yersinia enterocolitica						no_information
GCF_000344015.1	Yersinia pseudotuberculosis						no_information
GCF_000493475.1	Yersinia wautersii						no_information
GCF_000344055.1	Yersinia pseudotuberculosis						no_information
GCF_000403745.1	Yersinia pseudotuberculosis						no_information
GCF_000284995.1	Yersinia enterocolitica						no_information
GCF_000343995.1	Yersinia pseudotuberculosis						no_information
GCF_000285015.1	Yersinia enterocolitica						no_information
GCF_000343955.1	Yersinia pseudotuberculosis						no_information
GCF_000284935.1	Yersinia enterocolitica						no_information
GCF_000403705.1	Yersinia pseudotuberculosis						no_information
GCF_000284975.1	Yersinia enterocolitica						no_information
GCF_000493415.1	Yersinia wautersii						no_information
GCF_000344035.1	Yersinia pseudotuberculosis						no_information
GCF_000312485.1	Yersinia massiliensis						no_information
GCF_000824965.1	Yersinia ruckeri						no_information
GCF_901472495.1	Yersinia enterocolitica	not available: not collected	not available: not collected				no_information
GCF_000047365.1	Yersinia pseudotuberculosis						no_information
GCF_000613105.1	Yersinia pseudotuberculosis						no_information
GCF_001487065.1	Yersinia pestis						no_information
GCF_900095105.1	Yersinia pestis						no_information
GCF_902168585.1	Yersinia aldovae						no_information
GCF_902168475.1	Yersinia aldovae						no_information
GCF_902168455.1	Yersinia aldovae						no_information
GCF_902168525.1	Yersinia aldovae						no_information
GCF_902168495.1	Yersinia aldovae						no_information
GCF_902168445.1	Yersinia aleksiciae						no_information
GCF_902168605.1	Yersinia aleksiciae						no_information
GCF_902168595.1	Yersinia aleksiciae						no_information
GCF_902168465.1	Yersinia aleksiciae						no_information
GCF_902168515.1	Yersinia aleksiciae						no_information
GCF_902168565.1	Yersinia bercovieri						no_information
GCF_902168505.1	Yersinia bercovieri						no_information
GCF_902168485.1	Yersinia bercovieri						no_information
GCF_902168555.1	Yersinia bercovieri						no_information
GCF_902168535.1	Yersinia bercovieri						no_information
GCF_902168545.1	Yersinia bercovieri						no_information
GCF_902168625.1	Yersinia bercovieri						no_information
GCF_902168635.1	Yersinia bercovieri						no_information
GCF_902168615.1	Yersinia bercovieri						no_information
GCA_902176005.1	Yersinia enterocolitica						no_information
GCA_902176105.1	Yersinia enterocolitica						no_information
GCA_902176155.1	Yersinia enterocolitica						no_information
GCA_902176035.1	Yersinia enterocolitica						no_information
GCA_902176055.1	Yersinia enterocolitica						no_information
GCA_902176135.1	Yersinia enterocolitica						no_information
GCA_902176075.1	Yersinia enterocolitica						no_information
GCA_902176095.1	Yersinia enterocolitica						no_information
GCA_902176015.1	Yersinia enterocolitica						no_information
GCA_902176145.1	Yersinia enterocolitica						no_information
GCA_902175995.1	Yersinia enterocolitica						no_information
GCA_902176125.1	Yersinia enterocolitica						no_information
GCA_902176165.1	Yersinia enterocolitica						no_information
GCA_902175985.1	Yersinia enterocolitica						no_information
GCA_902175975.1	Yersinia enterocolitica						no_information
GCA_902176045.1	Yersinia enterocolitica						no_information
GCA_902176065.1	Yersinia enterocolitica						no_information
GCA_902176085.1	Yersinia enterocolitica						no_information
GCA_902176115.1	Yersinia enterocolitica						no_information
GCA_902176025.1	Yersinia enterocolitica						no_information
GCA_902176215.1	Yersinia enterocolitica						no_information
GCA_902176205.1	Yersinia enterocolitica						no_information
GCA_902176195.1	Yersinia enterocolitica						no_information
GCA_902176175.1	Yersinia enterocolitica						no_information
GCA_902176185.1	Yersinia enterocolitica						no_information
GCA_902176235.1	Yersinia enterocolitica						no_information
GCA_902176225.1	Yersinia enterocolitica						no_information
GCA_902170355.1	Yersinia enterocolitica						no_information
GCA_902168745.1	Yersinia enterocolitica						no_information
GCA_902168895.1	Yersinia enterocolitica						no_information
GCA_902168765.1	Yersinia enterocolitica						no_information
GCA_902168805.1	Yersinia enterocolitica						no_information
GCA_902168945.1	Yersinia enterocolitica						no_information
GCA_902169025.1	Yersinia enterocolitica						no_information
GCA_902168955.1	Yersinia enterocolitica						no_information
GCA_902168645.1	Yersinia enterocolitica						no_information
GCA_902168775.1	Yersinia enterocolitica						no_information
GCA_902168935.1	Yersinia enterocolitica						no_information
GCA_902168885.1	Yersinia enterocolitica						no_information
GCA_902168665.1	Yersinia enterocolitica						no_information
GCA_902168705.1	Yersinia enterocolitica						no_information
GCA_902168735.1	Yersinia enterocolitica						no_information
GCA_902168795.1	Yersinia enterocolitica						no_information
GCA_902168785.1	Yersinia enterocolitica						no_information
GCA_902168725.1	Yersinia enterocolitica						no_information
GCA_902168755.1	Yersinia enterocolitica						no_information
GCA_902168815.1	Yersinia enterocolitica						no_information
GCA_902168685.1	Yersinia enterocolitica						no_information
GCA_902168865.1	Yersinia enterocolitica						no_information
GCA_902168875.1	Yersinia enterocolitica						no_information
GCA_902168975.1	Yersinia enterocolitica						no_information
GCA_902168925.1	Yersinia enterocolitica						no_information
GCA_902168965.1	Yersinia enterocolitica						no_information
GCA_902168915.1	Yersinia enterocolitica						no_information
GCA_902169035.1	Yersinia enterocolitica						no_information
GCA_902168905.1	Yersinia enterocolitica						no_information
GCA_902169015.1	Yersinia enterocolitica						no_information
GCA_902169005.1	Yersinia enterocolitica						no_information
GCA_902168575.1	Yersinia enterocolitica						no_information
GCA_902168715.1	Yersinia enterocolitica						no_information
GCA_902168675.1	Yersinia enterocolitica						no_information
GCA_902168855.1	Yersinia enterocolitica						no_information
GCA_902168985.1	Yersinia enterocolitica						no_information
GCA_902168845.1	Yersinia enterocolitica						no_information
GCA_902169105.1	Yersinia enterocolitica						no_information
GCA_902169165.1	Yersinia enterocolitica						no_information
GCA_902169095.1	Yersinia enterocolitica						no_information
GCA_902169055.1	Yersinia enterocolitica						no_information
GCA_902169045.1	Yersinia enterocolitica						no_information
GCA_902169085.1	Yersinia enterocolitica						no_information
GCA_902169125.1	Yersinia enterocolitica						no_information
GCA_902169065.1	Yersinia enterocolitica						no_information
GCA_902169215.1	Yersinia enterocolitica						no_information
GCA_902169115.1	Yersinia enterocolitica						no_information
GCA_902169155.1	Yersinia enterocolitica						no_information
GCA_902169175.1	Yersinia enterocolitica						no_information
GCA_902169185.1	Yersinia enterocolitica						no_information
GCA_902169075.1	Yersinia enterocolitica						no_information
GCA_902169205.1	Yersinia enterocolitica						no_information
GCA_902169195.1	Yersinia enterocolitica						no_information
GCA_902169145.1	Yersinia enterocolitica						no_information
GCA_902169135.1	Yersinia enterocolitica						no_information
GCA_902169235.1	Yersinia enterocolitica						no_information
GCA_902169225.1	Yersinia enterocolitica						no_information
GCA_902169365.1	Yersinia enterocolitica						no_information
GCA_902169245.1	Yersinia enterocolitica						no_information
GCA_902169315.1	Yersinia enterocolitica						no_information
GCA_902169335.1	Yersinia enterocolitica						no_information
GCA_902169375.1	Yersinia enterocolitica						no_information
GCA_902169405.1	Yersinia enterocolitica						no_information
GCA_902169255.1	Yersinia enterocolitica						no_information
GCA_902169345.1	Yersinia enterocolitica						no_information
GCA_902169395.1	Yersinia enterocolitica						no_information
GCA_902169305.1	Yersinia enterocolitica						no_information
GCA_902169265.1	Yersinia enterocolitica						no_information
GCA_902169275.1	Yersinia enterocolitica						no_information
GCA_902169385.1	Yersinia enterocolitica						no_information
GCA_902169325.1	Yersinia enterocolitica						no_information
GCA_902169355.1	Yersinia enterocolitica						no_information
GCA_902169285.1	Yersinia enterocolitica						no_information
GCA_902169415.1	Yersinia enterocolitica						no_information
GCA_902169435.1	Yersinia enterocolitica						no_information
GCA_902169425.1	Yersinia enterocolitica						no_information
GCA_902169615.1	Yersinia enterocolitica						no_information
GCA_902169535.1	Yersinia enterocolitica						no_information
GCA_902169505.1	Yersinia enterocolitica						no_information
GCA_902169545.1	Yersinia enterocolitica						no_information
GCA_902169515.1	Yersinia enterocolitica						no_information
GCA_902169495.1	Yersinia enterocolitica						no_information
GCA_902169455.1	Yersinia enterocolitica						no_information
GCA_902169575.1	Yersinia enterocolitica						no_information
GCA_902169585.1	Yersinia enterocolitica						no_information
GCA_902169565.1	Yersinia enterocolitica						no_information
GCA_902169485.1	Yersinia enterocolitica						no_information
GCA_902169595.1	Yersinia enterocolitica						no_information
GCA_902169445.1	Yersinia enterocolitica						no_information
GCA_902169465.1	Yersinia enterocolitica						no_information
GCA_902169605.1	Yersinia enterocolitica						no_information
GCA_902169525.1	Yersinia enterocolitica						no_information
GCA_902169475.1	Yersinia enterocolitica						no_information
GCA_902169555.1	Yersinia enterocolitica						no_information
GCA_902169635.1	Yersinia enterocolitica						no_information
GCA_902169625.1	Yersinia enterocolitica						no_information
GCA_902169655.1	Yersinia enterocolitica						no_information
GCA_902169675.1	Yersinia enterocolitica						no_information
GCA_902169685.1	Yersinia enterocolitica						no_information
GCA_902169665.1	Yersinia enterocolitica						no_information
GCA_902169645.1	Yersinia enterocolitica						no_information
GCA_902169695.1	Yersinia enterocolitica						no_information
GCA_902169795.1	Yersinia enterocolitica						no_information
GCA_902169735.1	Yersinia enterocolitica						no_information
GCA_902169725.1	Yersinia enterocolitica						no_information
GCA_902169775.1	Yersinia enterocolitica						no_information
GCA_902169705.1	Yersinia enterocolitica						no_information
GCA_902169755.1	Yersinia enterocolitica						no_information
GCA_902169765.1	Yersinia enterocolitica						no_information
GCA_902169815.1	Yersinia enterocolitica						no_information
GCA_902169745.1	Yersinia enterocolitica						no_information
GCA_902169715.1	Yersinia enterocolitica						no_information
GCA_902169785.1	Yersinia enterocolitica						no_information
GCA_902169805.1	Yersinia enterocolitica						no_information
GCA_902169865.1	Yersinia enterocolitica						no_information
GCA_902169855.1	Yersinia enterocolitica						no_information
GCA_902169875.1	Yersinia enterocolitica						no_information
GCA_902169825.1	Yersinia enterocolitica						no_information
GCA_902169845.1	Yersinia enterocolitica						no_information
GCA_902169885.1	Yersinia enterocolitica						no_information
GCA_902169835.1	Yersinia enterocolitica						no_information
GCA_902169975.1	Yersinia enterocolitica						no_information
GCA_902169945.1	Yersinia enterocolitica						no_information
GCA_902169905.1	Yersinia enterocolitica						no_information
GCA_902169915.1	Yersinia enterocolitica						no_information
GCA_902169985.1	Yersinia enterocolitica						no_information
GCA_902169925.1	Yersinia enterocolitica						no_information
GCA_902169935.1	Yersinia enterocolitica						no_information
GCA_902169965.1	Yersinia enterocolitica						no_information
GCA_902169995.1	Yersinia enterocolitica						no_information
GCA_902169955.1	Yersinia enterocolitica						no_information
GCA_902169895.1	Yersinia enterocolitica						no_information
GCA_902170025.1	Yersinia enterocolitica						no_information
GCA_902170035.1	Yersinia enterocolitica						no_information
GCA_902170055.1	Yersinia enterocolitica						no_information
GCA_902170065.1	Yersinia enterocolitica						no_information
GCA_902170005.1	Yersinia enterocolitica						no_information
GCA_902170075.1	Yersinia enterocolitica						no_information
GCA_902170085.1	Yersinia enterocolitica						no_information
GCA_902170015.1	Yersinia enterocolitica						no_information
GCA_902168825.1	Yersinia enterocolitica						no_information
GCA_902170195.1	Yersinia enterocolitica						no_information
GCA_902170045.1	Yersinia enterocolitica						no_information
GCA_902168835.1	Yersinia enterocolitica						no_information
GCA_902170135.1	Yersinia enterocolitica						no_information
GCA_902170125.1	Yersinia enterocolitica						no_information
GCA_902168995.1	Yersinia enterocolitica						no_information
GCA_902168695.1	Yersinia enterocolitica						no_information
GCA_902168655.1	Yersinia enterocolitica						no_information
GCA_902170155.1	Yersinia enterocolitica						no_information
GCA_902170105.1	Yersinia enterocolitica						no_information
GCA_902170095.1	Yersinia enterocolitica						no_information
GCA_902170115.1	Yersinia enterocolitica						no_information
GCA_902170175.1	Yersinia enterocolitica						no_information
GCA_902170145.1	Yersinia enterocolitica						no_information
GCA_902170185.1	Yersinia enterocolitica						no_information
GCA_902170165.1	Yersinia enterocolitica						no_information
GCA_902170205.1	Yersinia enterocolitica						no_information
GCA_902170265.1	Yersinia enterocolitica						no_information
GCA_902170225.1	Yersinia enterocolitica						no_information
GCA_902170335.1	Yersinia enterocolitica						no_information
GCA_902170315.1	Yersinia enterocolitica						no_information
GCA_902170215.1	Yersinia enterocolitica						no_information
GCF_902170545.1	Yersinia frederiksenii						no_information
GCF_902170235.1	Yersinia frederiksenii						no_information
GCF_902170525.1	Yersinia frederiksenii						no_information
GCF_902170325.1	Yersinia alsatica						no_information
GCF_902170365.1	Yersinia alsatica						no_information
GCF_902170395.1	Yersinia alsatica						no_information
GCF_902170375.1	Yersinia alsatica						no_information
GCF_902170345.1	Yersinia alsatica						no_information
GCF_902170385.1	Yersinia alsatica						no_information
GCF_902170275.1	Yersinia alsatica						no_information
GCF_902170305.1	Yersinia alsatica						no_information
GCF_902170285.1	Yersinia alsatica						no_information
GCF_902170405.1	Yersinia vastinensis						no_information
GCF_902170245.1	Yersinia vastinensis						no_information
GCF_902170255.1	Yersinia vastinensis						no_information
GCF_902170295.1	Yersinia vastinensis						no_information
GCF_902170435.1	Yersinia hibernica						no_information
GCF_902170585.1	Yersinia intermedia						no_information
GCF_902170485.1	Yersinia intermedia						no_information
GCF_902170555.1	Yersinia intermedia						no_information
GCF_902170445.1	Yersinia intermedia						no_information
GCF_902170515.1	Yersinia intermedia						no_information
GCF_902170575.1	Yersinia kristensenii						no_information
GCF_902170415.1	Yersinia kristensenii						no_information
GCF_902170425.1	Yersinia kristensenii						no_information
GCF_902170495.1	Yersinia kristensenii						no_information
GCF_902170565.1	Yersinia thracica						no_information
GCF_902170455.1	Yersinia thracica						no_information
GCF_902170605.1	Yersinia rochesterensis						no_information
GCF_902170505.1	Yersinia rochesterensis						no_information
GCF_902170595.1	Yersinia rochesterensis						no_information
GCF_902170465.1	Yersinia rochesterensis						no_information
GCF_902170475.1	Yersinia rochesterensis						no_information
GCF_902170735.1	Yersinia massiliensis						no_information
GCF_902170765.1	Yersinia massiliensis						no_information
GCF_902170715.1	Yersinia massiliensis						no_information
GCF_902170615.1	Yersinia massiliensis						no_information
GCF_902170655.1	Yersinia massiliensis						no_information
GCF_902170685.1	Yersinia massiliensis						no_information
GCF_902170745.1	Yersinia mollaretii						no_information
GCF_902170645.1	Yersinia mollaretii						no_information
GCF_902170695.1	Yersinia mollaretii						no_information
GCF_902170675.1	Yersinia mollaretii						no_information
GCF_902170795.1	Yersinia mollaretii						no_information
GCF_902170635.1	Yersinia mollaretii						no_information
GCF_902170725.1	Yersinia mollaretii						no_information
GCF_902170625.1	Yersinia mollaretii						no_information
GCF_902170755.1	Yersinia mollaretii						no_information
GCF_902170775.1	Yersinia canariae						no_information
GCF_902170705.1	Yersinia canariae						no_information
GCF_902170805.1	Yersinia artesiana						no_information
GCF_902170885.1	Yersinia proxima						no_information
GCF_902170785.1	Yersinia proxima						no_information
GCF_902170665.1	Yersinia proxima						no_information
GCF_902171005.1	Yersinia proxima						no_information
GCF_902170985.1	Yersinia proxima						no_information
GCF_902170895.1	Yersinia proxima						no_information
GCF_902170975.1	Yersinia proxima						no_information
GCF_902170815.1	Yersinia proxima						no_information
GCF_902170945.1	Yersinia proxima						no_information
GCF_902170955.1	Yersinia proxima						no_information
GCA_902170835.1	Yersinia pseudotuberculosis						no_information
GCA_902170855.1	Yersinia pseudotuberculosis						no_information
GCA_902170845.1	Yersinia pseudotuberculosis						no_information
GCA_902170865.1	Yersinia pseudotuberculosis						no_information
GCA_902170825.1	Yersinia pseudotuberculosis						no_information
GCA_902170875.1	Yersinia pseudotuberculosis						no_information
GCA_902170915.1	Yersinia pseudotuberculosis						no_information
GCA_902170925.1	Yersinia pseudotuberculosis						no_information
GCA_902171055.1	Yersinia pseudotuberculosis						no_information
GCA_902171035.1	Yersinia pseudotuberculosis						no_information
GCA_902171045.1	Yersinia pseudotuberculosis						no_information
GCA_902171065.1	Yersinia pseudotuberculosis						no_information
GCA_902171015.1	Yersinia pseudotuberculosis						no_information
GCA_902171025.1	Yersinia pseudotuberculosis						no_information
GCA_902171135.1	Yersinia pseudotuberculosis						no_information
GCA_902171095.1	Yersinia pseudotuberculosis						no_information
GCA_902171115.1	Yersinia pseudotuberculosis						no_information
GCA_902171125.1	Yersinia pseudotuberculosis						no_information
GCA_902171155.1	Yersinia pseudotuberculosis						no_information
GCA_902171185.1	Yersinia pseudotuberculosis						no_information
GCA_902176245.1	Yersinia pseudotuberculosis						no_information
GCA_902176255.1	Yersinia pseudotuberculosis						no_information
GCA_902171165.1	Yersinia pseudotuberculosis						no_information
GCA_902171085.1	Yersinia pseudotuberculosis						no_information
GCA_902171105.1	Yersinia pseudotuberculosis						no_information
GCA_902171075.1	Yersinia pseudotuberculosis						no_information
GCA_902171195.1	Yersinia pseudotuberculosis						no_information
GCA_902171205.1	Yersinia pseudotuberculosis						no_information
GCA_902171145.1	Yersinia pseudotuberculosis						no_information
GCA_902171175.1	Yersinia pseudotuberculosis						no_information
GCA_902171215.1	Yersinia pseudotuberculosis						no_information
GCA_902171255.1	Yersinia pseudotuberculosis						no_information
GCA_902171235.1	Yersinia pseudotuberculosis						no_information
GCA_902171245.1	Yersinia pseudotuberculosis						no_information
GCA_902171225.1	Yersinia pseudotuberculosis						no_information
GCA_902171345.1	Yersinia pseudotuberculosis						no_information
GCA_902171325.1	Yersinia pseudotuberculosis						no_information
GCA_902171305.1	Yersinia pseudotuberculosis						no_information
GCA_902171265.1	Yersinia pseudotuberculosis						no_information
GCA_902171335.1	Yersinia pseudotuberculosis						no_information
GCA_902171375.1	Yersinia pseudotuberculosis						no_information
GCA_902171275.1	Yersinia pseudotuberculosis						no_information
GCA_902171355.1	Yersinia pseudotuberculosis						no_information
GCA_902171385.1	Yersinia pseudotuberculosis						no_information
GCA_902171295.1	Yersinia pseudotuberculosis						no_information
GCA_902171365.1	Yersinia pseudotuberculosis						no_information
GCA_902171315.1	Yersinia pseudotuberculosis						no_information
GCA_902171285.1	Yersinia pseudotuberculosis						no_information
GCA_902171425.1	Yersinia pseudotuberculosis						no_information
GCA_902171435.1	Yersinia pseudotuberculosis						no_information
GCA_902171415.1	Yersinia pseudotuberculosis						no_information
GCA_902171405.1	Yersinia pseudotuberculosis						no_information
GCA_902171395.1	Yersinia pseudotuberculosis						no_information
GCA_902171445.1	Yersinia pseudotuberculosis						no_information
GCA_902171515.1	Yersinia pseudotuberculosis						no_information
GCA_902171465.1	Yersinia pseudotuberculosis						no_information
GCA_902171505.1	Yersinia pseudotuberculosis						no_information
GCA_902171535.1	Yersinia pseudotuberculosis						no_information
GCA_902171455.1	Yersinia pseudotuberculosis						no_information
GCA_902171585.1	Yersinia pseudotuberculosis						no_information
GCA_902171545.1	Yersinia pseudotuberculosis						no_information
GCA_902171475.1	Yersinia pseudotuberculosis						no_information
GCA_902171575.1	Yersinia pseudotuberculosis						no_information
GCA_902171495.1	Yersinia pseudotuberculosis						no_information
GCA_902171525.1	Yersinia pseudotuberculosis						no_information
GCA_902171485.1	Yersinia pseudotuberculosis						no_information
GCA_902171555.1	Yersinia pseudotuberculosis						no_information
GCA_902171565.1	Yersinia pseudotuberculosis						no_information
GCA_902171595.1	Yersinia pseudotuberculosis						no_information
GCA_902171625.1	Yersinia pseudotuberculosis						no_information
GCA_902171615.1	Yersinia pseudotuberculosis						no_information
GCA_902171605.1	Yersinia pseudotuberculosis						no_information
GCA_902171645.1	Yersinia pseudotuberculosis						no_information
GCA_902171635.1	Yersinia pseudotuberculosis						no_information
GCA_902171745.1	Yersinia pseudotuberculosis						no_information
GCA_902171785.1	Yersinia pseudotuberculosis						no_information
GCA_902171685.1	Yersinia pseudotuberculosis						no_information
GCA_902171765.1	Yersinia pseudotuberculosis						no_information
GCA_902171735.1	Yersinia pseudotuberculosis						no_information
GCA_902171705.1	Yersinia pseudotuberculosis						no_information
GCA_902171675.1	Yersinia pseudotuberculosis						no_information
GCA_902171725.1	Yersinia pseudotuberculosis						no_information
GCA_902171715.1	Yersinia pseudotuberculosis						no_information
GCA_902171655.1	Yersinia pseudotuberculosis						no_information
GCA_902171665.1	Yersinia pseudotuberculosis						no_information
GCA_902171755.1	Yersinia pseudotuberculosis						no_information
GCA_902171775.1	Yersinia pseudotuberculosis						no_information
GCA_902171695.1	Yersinia pseudotuberculosis						no_information
GCA_902171845.1	Yersinia pseudotuberculosis						no_information
GCA_902171815.1	Yersinia pseudotuberculosis						no_information
GCA_902171795.1	Yersinia pseudotuberculosis						no_information
GCA_902171825.1	Yersinia pseudotuberculosis						no_information
GCA_902171805.1	Yersinia pseudotuberculosis						no_information
GCA_902171835.1	Yersinia pseudotuberculosis						no_information
GCA_902171885.1	Yersinia pseudotuberculosis						no_information
GCA_902171855.1	Yersinia pseudotuberculosis						no_information
GCA_902171905.1	Yersinia pseudotuberculosis						no_information
GCA_902171865.1	Yersinia pseudotuberculosis						no_information
GCA_902171875.1	Yersinia pseudotuberculosis						no_information
GCA_902171915.1	Yersinia pseudotuberculosis						no_information
GCA_902171895.1	Yersinia pseudotuberculosis						no_information
GCA_902171935.1	Yersinia pseudotuberculosis						no_information
GCA_902171985.1	Yersinia pseudotuberculosis						no_information
GCA_902171925.1	Yersinia pseudotuberculosis						no_information
GCA_902171945.1	Yersinia pseudotuberculosis						no_information
GCA_902171955.1	Yersinia pseudotuberculosis						no_information
GCA_902171965.1	Yersinia pseudotuberculosis						no_information
GCA_902171995.1	Yersinia pseudotuberculosis						no_information
GCA_902172045.1	Yersinia pseudotuberculosis						no_information
GCA_902172015.1	Yersinia pseudotuberculosis						no_information
GCA_902172055.1	Yersinia pseudotuberculosis						no_information
GCA_902172005.1	Yersinia pseudotuberculosis						no_information
GCA_902172025.1	Yersinia pseudotuberculosis						no_information
GCA_902172065.1	Yersinia pseudotuberculosis						no_information
GCA_902172035.1	Yersinia pseudotuberculosis						no_information
GCA_902172145.1	Yersinia pseudotuberculosis						no_information
GCA_902172105.1	Yersinia pseudotuberculosis						no_information
GCA_902172085.1	Yersinia pseudotuberculosis						no_information
GCA_902172165.1	Yersinia pseudotuberculosis						no_information
GCA_902172155.1	Yersinia pseudotuberculosis						no_information
GCA_902172075.1	Yersinia pseudotuberculosis						no_information
GCA_902172125.1	Yersinia pseudotuberculosis						no_information
GCA_902172135.1	Yersinia pseudotuberculosis						no_information
GCA_902172095.1	Yersinia pseudotuberculosis						no_information
GCA_902172175.1	Yersinia pseudotuberculosis						no_information
GCA_902172115.1	Yersinia pseudotuberculosis						no_information
GCA_902172205.1	Yersinia pseudotuberculosis						no_information
GCA_902172185.1	Yersinia pseudotuberculosis						no_information
GCA_902172195.1	Yersinia pseudotuberculosis						no_information
GCA_902172215.1	Yersinia pseudotuberculosis						no_information
GCA_902172245.1	Yersinia pseudotuberculosis						no_information
GCA_902172255.1	Yersinia pseudotuberculosis						no_information
GCA_902172235.1	Yersinia pseudotuberculosis						no_information
GCA_902172275.1	Yersinia pseudotuberculosis						no_information
GCA_902172265.1	Yersinia pseudotuberculosis						no_information
GCA_902172285.1	Yersinia pseudotuberculosis						no_information
GCA_902172225.1	Yersinia pseudotuberculosis						no_information
GCA_902172335.1	Yersinia pseudotuberculosis						no_information
GCA_902172385.1	Yersinia pseudotuberculosis						no_information
GCA_902172315.1	Yersinia pseudotuberculosis						no_information
GCA_902172375.1	Yersinia pseudotuberculosis						no_information
GCA_902172295.1	Yersinia pseudotuberculosis						no_information
GCA_902172355.1	Yersinia pseudotuberculosis						no_information
GCA_902172365.1	Yersinia pseudotuberculosis						no_information
GCA_902172345.1	Yersinia pseudotuberculosis						no_information
GCA_902172395.1	Yersinia pseudotuberculosis						no_information
GCA_902172325.1	Yersinia pseudotuberculosis						no_information
GCA_902172405.1	Yersinia pseudotuberculosis						no_information
GCA_902172435.1	Yersinia pseudotuberculosis						no_information
GCA_902172445.1	Yersinia pseudotuberculosis						no_information
GCA_902172465.1	Yersinia pseudotuberculosis						no_information
GCA_902172485.1	Yersinia pseudotuberculosis						no_information
GCA_902172425.1	Yersinia pseudotuberculosis						no_information
GCA_902172475.1	Yersinia pseudotuberculosis						no_information
GCA_902172455.1	Yersinia pseudotuberculosis						no_information
GCA_902172415.1	Yersinia pseudotuberculosis						no_information
GCA_902172575.1	Yersinia pseudotuberculosis						no_information
GCA_902172565.1	Yersinia pseudotuberculosis						no_information
GCA_902172555.1	Yersinia pseudotuberculosis						no_information
GCA_902172505.1	Yersinia pseudotuberculosis						no_information
GCA_902172585.1	Yersinia pseudotuberculosis						no_information
GCA_902172515.1	Yersinia pseudotuberculosis						no_information
GCA_902172495.1	Yersinia pseudotuberculosis						no_information
GCA_902172535.1	Yersinia pseudotuberculosis						no_information
GCA_902172525.1	Yersinia pseudotuberculosis						no_information
GCA_902172545.1	Yersinia pseudotuberculosis						no_information
GCA_902172615.1	Yersinia pseudotuberculosis						no_information
GCA_902172655.1	Yersinia pseudotuberculosis						no_information
GCA_902172675.1	Yersinia pseudotuberculosis						no_information
GCA_902172665.1	Yersinia pseudotuberculosis						no_information
GCA_902172645.1	Yersinia pseudotuberculosis						no_information
GCA_902172605.1	Yersinia pseudotuberculosis						no_information
GCA_902172595.1	Yersinia pseudotuberculosis						no_information
GCA_902172625.1	Yersinia pseudotuberculosis						no_information
GCA_902172635.1	Yersinia pseudotuberculosis						no_information
GCA_902172735.1	Yersinia pseudotuberculosis						no_information
GCA_902172715.1	Yersinia pseudotuberculosis						no_information
GCA_902172765.1	Yersinia pseudotuberculosis						no_information
GCA_902172705.1	Yersinia pseudotuberculosis						no_information
GCA_902172725.1	Yersinia pseudotuberculosis						no_information
GCA_902172745.1	Yersinia pseudotuberculosis						no_information
GCA_902172775.1	Yersinia pseudotuberculosis						no_information
GCA_902172695.1	Yersinia pseudotuberculosis						no_information
GCA_902172755.1	Yersinia pseudotuberculosis						no_information
GCA_902172785.1	Yersinia pseudotuberculosis						no_information
GCA_902172685.1	Yersinia pseudotuberculosis						no_information
GCA_902172875.1	Yersinia pseudotuberculosis						no_information
GCA_902172855.1	Yersinia pseudotuberculosis						no_information
GCA_902172835.1	Yersinia pseudotuberculosis						no_information
GCA_902172865.1	Yersinia pseudotuberculosis						no_information
GCA_902172825.1	Yersinia pseudotuberculosis						no_information
GCA_902172795.1	Yersinia pseudotuberculosis						no_information
GCA_902172815.1	Yersinia pseudotuberculosis						no_information
GCA_902172845.1	Yersinia pseudotuberculosis						no_information
GCA_902172805.1	Yersinia pseudotuberculosis						no_information
GCA_902172945.1	Yersinia pseudotuberculosis						no_information
GCA_902172885.1	Yersinia pseudotuberculosis						no_information
GCA_902173015.1	Yersinia pseudotuberculosis						no_information
GCA_902172965.1	Yersinia pseudotuberculosis						no_information
GCA_902172975.1	Yersinia pseudotuberculosis						no_information
GCA_902173075.1	Yersinia pseudotuberculosis						no_information
GCA_902172985.1	Yersinia pseudotuberculosis						no_information
GCA_902173065.1	Yersinia pseudotuberculosis						no_information
GCA_902173035.1	Yersinia pseudotuberculosis						no_information
GCA_902173025.1	Yersinia pseudotuberculosis						no_information
GCA_902172935.1	Yersinia pseudotuberculosis						no_information
GCA_902172915.1	Yersinia pseudotuberculosis						no_information
GCA_902172955.1	Yersinia pseudotuberculosis						no_information
GCA_902173045.1	Yersinia pseudotuberculosis						no_information
GCA_902170935.1	Yersinia pseudotuberculosis						no_information
GCA_902173055.1	Yersinia pseudotuberculosis						no_information
GCA_902172925.1	Yersinia pseudotuberculosis						no_information
GCA_902172905.1	Yersinia pseudotuberculosis						no_information
GCA_902172895.1	Yersinia pseudotuberculosis						no_information
GCA_902172995.1	Yersinia pseudotuberculosis						no_information
GCA_902173005.1	Yersinia pseudotuberculosis						no_information
GCA_902173245.1	Yersinia pseudotuberculosis						no_information
GCA_902173165.1	Yersinia pseudotuberculosis						no_information
GCA_902173175.1	Yersinia pseudotuberculosis						no_information
GCA_902173125.1	Yersinia pseudotuberculosis						no_information
GCA_902173215.1	Yersinia pseudotuberculosis						no_information
GCA_902173265.1	Yersinia pseudotuberculosis						no_information
GCA_902173155.1	Yersinia pseudotuberculosis						no_information
GCA_902173275.1	Yersinia pseudotuberculosis						no_information
GCA_902173135.1	Yersinia pseudotuberculosis						no_information
GCA_902173235.1	Yersinia pseudotuberculosis						no_information
GCA_902170995.1	Yersinia pseudotuberculosis						no_information
GCA_902170965.1	Yersinia pseudotuberculosis						no_information
GCA_902170905.1	Yersinia pseudotuberculosis						no_information
GCF_902173115.1	Yersinia rohdei						no_information
GCF_902173205.1	Yersinia rohdei						no_information
GCF_902173225.1	Yersinia rohdei						no_information
GCF_902173185.1	Yersinia rohdei						no_information
GCF_902173195.1	Yersinia rohdei						no_information
GCF_902173145.1	Yersinia ruckeri						no_information
GCF_902173085.1	Yersinia ruckeri						no_information
GCF_902173105.1	Yersinia similis						no_information
GCF_902173095.1	Yersinia similis						no_information
GCF_902173255.1	Yersinia similis						no_information
GCF_902726525.1	Yersinia artesiana						no_information
GCF_902726545.1	Yersinia artesiana						no_information
GCF_902726535.1	Yersinia artesiana						no_information
GCF_902726565.1	Yersinia vastinensis						no_information
GCF_902726555.1	Yersinia thracica						no_information
GCF_001319705.1	Yersinia pseudotuberculosis	not known	monkey				not known | monkey | nan
GCF_001244655.1	Yersinia pseudotuberculosis	not known	unknown				no_information
GCF_001244675.1	Yersinia intermedia	not known	unknown				no_information
GCA_049295435.1	Yersinia enterocolitica						no_information
GCF_001182105.1	Yersinia enterocolitica	not known	unknown				no_information
GCF_001182145.1	Yersinia enterocolitica	not known	unknown				no_information
GCF_001319445.1	Yersinia enterocolitica	not known	unknown				no_information
GCF_001182225.1	Yersinia enterocolitica	not known	unknown				no_information
GCF_001171185.1	Yersinia enterocolitica	not known	unknown				no_information
GCF_001086365.1	Yersinia enterocolitica	not known	animal				not known | animal | nan
GCF_000173735.1	Yersinia aldovae						no_information
GCF_000167975.1	Yersinia bercovieri						no_information
GCF_000168015.1	Yersinia frederiksenii						no_information
GCF_000168035.1	Yersinia intermedia						no_information
GCF_000173715.1	Yersinia kristensenii						no_information
GCF_000167995.1	Yersinia mollaretii						no_information
GCF_000173755.1	Yersinia ruckeri						no_information
GCF_000173775.1	Yersinia rohdei						no_information
GCF_000255775.1	Yersinia pestis						no_information
GCF_000255875.1	Yersinia pestis						no_information
GCF_000255895.1	Yersinia pestis						no_information
GCF_000255755.1	Yersinia pestis						no_information
GCF_000255795.1	Yersinia pestis						no_information
GCF_000255735.1	Yersinia pestis						no_information
GCF_000255815.1	Yersinia pestis						no_information
GCF_000255835.1	Yersinia pestis						no_information
GCF_000255855.1	Yersinia pestis						no_information
GCF_000382505.1	Yersinia pestis						no_information
GCF_000382525.1	Yersinia pestis						no_information
GCF_000382545.1	Yersinia pestis						no_information
GCF_000320425.1	Yersinia pestis						no_information
GCF_000323185.1	Yersinia pestis						no_information
GCF_000320445.1	Yersinia pestis						no_information
GCF_000320465.1	Yersinia pestis						no_information
GCF_000323205.1	Yersinia pestis						no_information
GCF_000323225.1	Yersinia pestis						no_information
GCF_000323245.1	Yersinia pestis						no_information
GCF_000323285.1	Yersinia pestis						no_information
GCF_000323305.1	Yersinia pestis						no_information
GCF_000323325.1	Yersinia pestis						no_information
GCF_000323345.1	Yersinia pestis						no_information
GCF_000323365.1	Yersinia pestis						no_information
GCF_000323385.1	Yersinia pestis						no_information
GCF_000323405.1	Yersinia pestis						no_information
GCF_000323425.1	Yersinia pestis						no_information
GCF_000323445.1	Yersinia pestis						no_information
GCF_000323465.1	Yersinia pestis						no_information
GCF_000323485.1	Yersinia pestis						no_information
GCF_000323505.1	Yersinia pestis						no_information
GCF_000323525.1	Yersinia pestis						no_information
GCF_000323545.1	Yersinia pestis						no_information
GCF_000323565.1	Yersinia pestis						no_information
GCF_000323585.1	Yersinia pestis						no_information
GCF_000323605.1	Yersinia pestis						no_information
GCF_000323625.1	Yersinia pestis						no_information
GCF_000323645.1	Yersinia pestis						no_information
GCF_000323665.1	Yersinia pestis						no_information
GCF_000323685.1	Yersinia pestis						no_information
GCF_000323705.1	Yersinia pestis						no_information
GCF_000323725.1	Yersinia pestis						no_information
GCF_000324785.1	Yersinia pestis						no_information
GCF_000323745.1	Yersinia pestis						no_information
GCF_000323765.1	Yersinia pestis						no_information
GCF_000323785.1	Yersinia pestis						no_information
GCF_000323805.1	Yersinia pestis						no_information
GCF_000323825.1	Yersinia pestis						no_information
GCF_000323845.1	Yersinia pestis						no_information
GCF_000323865.1	Yersinia pestis						no_information
GCF_000323885.1	Yersinia pestis						no_information
GCF_000323905.1	Yersinia pestis						no_information
GCF_000323925.1	Yersinia pestis						no_information
GCF_000323945.1	Yersinia pestis						no_information
GCF_000323965.1	Yersinia pestis						no_information
GCF_000323985.1	Yersinia pestis						no_information
GCF_000324005.1	Yersinia pestis						no_information
GCF_000324025.1	Yersinia pestis						no_information
GCF_000324045.1	Yersinia pestis						no_information
GCF_000324065.1	Yersinia pestis						no_information
GCF_000324085.1	Yersinia pestis						no_information
GCF_000324105.1	Yersinia pestis						no_information
GCF_000324125.1	Yersinia pestis						no_information
GCF_000324145.1	Yersinia pestis						no_information
GCF_000324165.1	Yersinia pestis						no_information
GCF_000324185.1	Yersinia pestis						no_information
GCF_000324205.1	Yersinia pestis						no_information
GCF_000324225.1	Yersinia pestis						no_information
GCF_000324245.1	Yersinia pestis						no_information
GCF_000324265.1	Yersinia pestis						no_information
GCF_000324285.1	Yersinia pestis						no_information
GCF_000324305.1	Yersinia pestis						no_information
GCF_000324325.1	Yersinia pestis						no_information
GCF_000324345.1	Yersinia pestis						no_information
GCF_000324365.1	Yersinia pestis						no_information
GCF_000324385.1	Yersinia pestis						no_information
GCF_000324405.1	Yersinia pestis						no_information
GCF_000324425.1	Yersinia pestis						no_information
GCF_000324445.1	Yersinia pestis						no_information
GCF_000324465.1	Yersinia pestis						no_information
GCF_000324485.1	Yersinia pestis						no_information
GCF_000324505.1	Yersinia pestis						no_information
GCF_000324525.1	Yersinia pestis						no_information
GCF_000324545.1	Yersinia pestis						no_information
GCF_000324565.1	Yersinia pestis						no_information
GCF_000324585.1	Yersinia pestis						no_information
GCF_000324605.1	Yersinia pestis						no_information
GCF_000324625.1	Yersinia pestis						no_information
GCF_000324645.1	Yersinia pestis						no_information
GCF_000324665.1	Yersinia pestis						no_information
GCF_000324685.1	Yersinia pestis						no_information
GCF_000324705.1	Yersinia pestis						no_information
GCF_000324725.1	Yersinia pestis						no_information
GCF_000324745.1	Yersinia pestis						no_information
GCF_000324765.1	Yersinia pestis						no_information
GCF_000324805.2	Yersinia pestis						no_information
GCF_000324825.1	Yersinia pestis						no_information
GCF_000324845.1	Yersinia pestis						no_information
GCF_000324865.1	Yersinia pestis						no_information
GCF_000324885.1	Yersinia pestis						no_information
GCF_000324905.1	Yersinia pestis						no_information
GCF_000324925.1	Yersinia pestis						no_information
GCF_000324945.1	Yersinia pestis						no_information
GCF_000324965.1	Yersinia pestis						no_information
GCF_000324985.1	Yersinia pestis						no_information
GCF_000325005.1	Yersinia pestis						no_information
GCF_000325025.1	Yersinia pestis						no_information
GCF_000325045.1	Yersinia pestis						no_information
GCF_000325065.1	Yersinia pestis						no_information
GCF_000325085.1	Yersinia pestis						no_information
GCF_000325105.1	Yersinia pestis						no_information
GCF_000325125.1	Yersinia pestis						no_information
GCF_000325145.1	Yersinia pestis						no_information
GCF_000325165.1	Yersinia pestis						no_information
GCF_000325185.1	Yersinia pestis						no_information
GCF_000325205.1	Yersinia pestis						no_information
GCF_000325225.1	Yersinia pestis						no_information
GCF_000325245.1	Yersinia pestis						no_information
GCF_000325265.1	Yersinia pestis						no_information
GCF_000325285.1	Yersinia pestis						no_information
GCF_000325305.1	Yersinia pestis						no_information
GCF_000325325.1	Yersinia pestis						no_information
GCF_000325345.1	Yersinia pestis						no_information
GCF_000325365.1	Yersinia pestis						no_information
GCF_000325385.1	Yersinia pestis						no_information
GCF_000325405.1	Yersinia pestis						no_information
GCF_000325425.1	Yersinia pestis						no_information
GCF_000325445.1	Yersinia pestis						no_information
GCF_000325465.1	Yersinia pestis						no_information
GCF_000325485.1	Yersinia pestis						no_information
GCF_000181455.2	Yersinia pestis						no_information
GCF_000182485.1	Yersinia pestis						no_information
GCF_000182505.1	Yersinia pestis						no_information
GCF_000182525.1	Yersinia pestis						no_information
GCF_000182545.1	Yersinia pestis						no_information
GCF_000170275.1	Yersinia pestis						no_information
GCF_000169695.1	Yersinia pestis						no_information
GCF_000169675.1	Yersinia pestis						no_information
GCF_000169655.1	Yersinia pestis						no_information
GCF_000169635.1	Yersinia pestis						no_information
GCF_000169615.1	Yersinia pestis						no_information
GCF_000182705.1	Yersinia pestis						no_information
GCF_000475155.2	Yersinia pestis		Tatera indica				nan | tatera indica | nan
GCF_000013825.1	Yersinia pestis						no_information
GCF_000013805.1	Yersinia pestis						no_information
GCF_000016445.1	Yersinia pestis						no_information
GCF_000590535.2	Yersinia pestis	strain EV G. Gerard, G Robic (Vaccine strain EV line NIIEG is mutant strain, was isolated from other stain EV Gerard and Robic)					strain ev g. gerard, g robic (vaccine strain ev line niieg is mutant strain, was isolated from other
GCF_000007885.1	Yersinia pestis						no_information
GCF_000222975.1	Yersinia pestis						no_information
GCF_000192105.1	Yersinia enterocolitica						no_information
GCF_000022805.1	Yersinia pestis						no_information
GCF_000022825.1	Yersinia pestis						no_information
GCF_000022845.1	Yersinia pestis						no_information
GCF_000018805.1	Yersinia pestis						no_information
GCF_000006645.1	Yersinia pestis						no_information
GCF_000834275.1	Yersinia pestis	unknown					no_information
GCF_001188675.1	Yersinia pestis	unknown					no_information
GCF_000754975.1	Yersinia enterocolitica	unknown					no_information
GCF_000754985.1	Yersinia enterocolitica	unknown					no_information
GCF_000755045.1	Yersinia enterocolitica	unknown					no_information
GCF_000754965.1	Yersinia pseudotuberculosis	unknown					no_information
GCF_000750315.1	Yersinia pseudotuberculosis	unknown					no_information
GCF_000750355.1	Yersinia rochesterensis	unknown					no_information
GCF_000754785.1	Yersinia pestis	unknown					no_information
GCF_000754815.1	Yersinia ruckeri	unknown					no_information
GCF_000834235.1	Yersinia pestis	Unknown					no_information
GCF_000775355.2	Yersinia ruckeri						no_information
GCF_000834295.1	Yersinia pseudotuberculosis	Unknown					no_information
GCF_000834315.1	Yersinia pestis	Unknown					no_information
GCF_000834415.1	Yersinia pseudotuberculosis	Unknown					no_information
GCF_000834355.1	Yersinia pseudotuberculosis	Unknown					no_information
GCF_000834375.1	Yersinia pseudotuberculosis	Unknown					no_information
GCF_000834475.1	Yersinia pseudotuberculosis	Unknown					no_information
GCF_000834435.1	Yersinia pseudotuberculosis	Unknown					no_information
GCF_000834515.1	Yersinia intermedia	Unknown					no_information
GCF_000834735.1	Yersinia enterocolitica	Unknown					no_information
GCF_000834845.1	Yersinia pestis	Unknown					no_information
GCF_000834865.1	Yersinia rochesterensis	Unknown					no_information
GCF_000834985.1	Yersinia pestis	Unknown					no_information
GCF_000834885.1	Yersinia pestis	unknown					no_information
GCF_000834925.1	Yersinia pestis	Unknown					no_information
GCF_000950945.1	Yersinia pestis	missing	missing				no_information
GCF_000950935.1	Yersinia pestis	missing	missing				no_information
GCF_000987005.3	Yersinia pestis	Missing	Missing	Plague		unknown	missing | missing | plague
GCF_001188695.1	Yersinia pestis						no_information
GCF_001188715.1	Yersinia pestis						no_information
GCF_001188935.1	Yersinia pestis						no_information
GCF_001261985.1	Yersinia pestis	Unknown					no_information
GCF_001261975.1	Yersinia pestis	Unknown					no_information
GCF_001294835.1	Yersinia pestis	missing					no_information
GCF_001294825.1	Yersinia pestis	missing					no_information
GCF_001294815.1	Yersinia pestis	missing					no_information
GCF_001294805.1	Yersinia pestis	missing					no_information
GCF_001294885.1	Yersinia pestis	missing					no_information
GCF_001295145.1	Yersinia pestis	missing					no_information
GCF_001295045.1	Yersinia pestis	missing					no_information
GCF_001294965.1	Yersinia pestis	missing					no_information
GCF_001294975.1	Yersinia pestis	missing					no_information
GCF_001295185.1	Yersinia pestis	missing					no_information
GCF_001295105.1	Yersinia pestis	missing					no_information
GCF_001295065.1	Yersinia pestis	missing					no_information
GCF_001295115.1	Yersinia pestis	missing					no_information
GCF_001294985.1	Yersinia pestis	missing					no_information
GCF_001294905.1	Yersinia pestis	missing					no_information
GCF_001295025.1	Yersinia pestis	missing					no_information
GCF_001294915.1	Yersinia pestis	missing					no_information
GCF_001295055.1	Yersinia pestis	missing					no_information
GCF_001294895.1	Yersinia pestis	missing					no_information
GCF_001188815.1	Yersinia pestis						no_information
GCF_001188335.1	Yersinia pestis						no_information
GCF_001188325.1	Yersinia pestis						no_information
GCF_001188755.1	Yersinia pestis						no_information
GCF_001188775.1	Yersinia pestis						no_information
GCF_001188795.1	Yersinia pestis						no_information
GCF_001188735.1	Yersinia pestis						no_information
GCA_002083295.2	Yersinia enterocolitica	animal tissue	Monkey	Not Applicable		USAMRIID	animal tissue | monkey | not applicable
GCF_002127365.1	Yersinia pestis	missing	missing				no_information
GCF_002165475.1	Yersinia pestis	missing					no_information
GCF_002127375.1	Yersinia pestis	missing					no_information
GCF_002127355.1	Yersinia pestis	missing					no_information
GCF_001972465.1	Yersinia pestis	missing	missing				no_information
GCF_001972395.1	Yersinia pestis	missing	missing				no_information
GCF_001972385.1	Yersinia pestis	missing	missing				no_information
GCF_001972405.1	Yersinia pestis	missing	missing				no_information
GCF_001972415.1	Yersinia pestis	missing	missing				no_information
GCF_001972505.1	Yersinia pestis	missing	missing				no_information
GCF_002173815.1	Yersinia pestis	missing	missing				no_information
GCF_001972515.1	Yersinia pestis	missing	missing				no_information
GCF_002173805.1	Yersinia pestis	missing	missing				no_information
GCF_001972475.1	Yersinia pestis	missing	missing				no_information
GCF_002173795.1	Yersinia pestis	missing	missing				no_information
GCF_002188685.1	Yersinia pestis	missing	missing				no_information
GCF_002188765.1	Yersinia pestis	missing	missing				no_information
GCF_002188725.1	Yersinia pestis	missing	missing				no_information
GCF_002188775.1	Yersinia pestis	missing	missing				no_information
GCF_002188755.1	Yersinia pestis	missing	missing				no_information
GCF_002188815.1	Yersinia pestis	missing	missing				no_information
GCF_002188845.1	Yersinia pestis	missing	missing				no_information
GCF_002188855.1	Yersinia pestis	missing	missing				no_information
GCF_002188835.1	Yersinia pestis	missing	missing				no_information
GCF_002005285.1	Yersinia pestis	lab strain					lab strain | nan | nan
GCF_002192815.1	Yersinia frederiksenii	missing	missing				no_information
GCF_002192925.1	Yersinia frederiksenii	missing	missing				no_information
GCF_002192835.1	Yersinia frederiksenii	missing	missing				no_information
GCF_002192915.1	Yersinia kristensenii	missing	missing				no_information
GCF_002192845.1	Yersinia entomophaga	missing	missing				no_information
GCF_002192875.1	Yersinia rohdei	missing	missing				no_information
GCF_002192885.1	Yersinia intermedia	missing	missing				no_information
GCF_009295985.1	Yersinia pestis	missing	missing				no_information
GCA_025340225.1	Yersinia enterocolitica	bell pepper				Jeollanam-do Institute of Health and Environment	bell pepper | nan | nan
GCF_009667885.1	Yersinia pestis	Anoplura	missing	missing		missing	anoplura | missing | missing
GCF_009669845.1	Yersinia pestis	Ixodex crenulatus	missing	missing		missing	ixodex crenulatus | missing | missing
GCF_009669835.1	Yersinia pestis	Anoplura	missing	missing		missing	anoplura | missing | missing
GCF_002738385.1	Yersinia bercovieri	missing	missing				no_information
GCF_002738395.1	Yersinia ruckeri	missing	missing				no_information
GCF_002794235.1	Yersinia mollaretii	missing	missing				no_information
GCF_002738475.1	Yersinia mollaretii	missing	missing				no_information
GCF_002738425.1	Yersinia massiliensis	missing	missing				no_information
GCF_002738465.1	Yersinia kristensenii	missing	missing				no_information
GCF_002794215.1	Yersinia kristensenii	missing	missing				no_information
GCF_002795325.1	Yersinia kristensenii	missing	missing				no_information
GCF_002981895.1	Yersinia pestis		missing				no_information
GCF_002981955.1	Yersinia pestis		missing				no_information
GCF_002981915.1	Yersinia pestis		missing				no_information
GCF_002981925.1	Yersinia pestis		missing				no_information
GCF_002981975.1	Yersinia pestis		missing				no_information
GCF_002981995.1	Yersinia pestis		missing				no_information
GCF_003048255.1	Yersinia massiliensis	Dried Tofu					dried tofu | nan | nan
GCF_003814345.1	Yersinia pseudotuberculosis	missing					no_information
GCF_003798225.1	Yersinia pestis	UCC isolate	UCC strain	Unknown		USAMRIID< Belgian Congo	ucc isolate | ucc strain | unknown
GCF_003798345.1	Yersinia pestis	UCC isolate	UCC strain	Unknown		USAMRIID<USSR	ucc isolate | ucc strain | unknown
GCF_003798205.1	Yersinia pestis	UCC isolate	UCC strain	Unknown		USAMRIID	ucc isolate | ucc strain | unknown
GCF_003797205.1	Yersinia pestis	UCC Isolate	UCC strain	Unknown		USAMRIID	ucc isolate | ucc strain | unknown
GCF_008630415.1	Yersinia pestis	Siphonaptera	unknown	plague		unknown	siphonaptera | unknown | plague
GCF_008630435.1	Yersinia pestis	Unknown	Siphonaptera	plague		unknown	unknown | siphonaptera | plague
GCF_011765335.1	Yersinia massiliensis		Arvicola amphibius				nan | arvicola amphibius | nan
GCF_011765225.1	Yersinia aleksiciae		missing				no_information
GCF_011765205.1	Yersinia mollaretii		missing				no_information
GCF_011765325.1	Yersinia mollaretii		missing				no_information
GCF_016102845.1	Yersinia pestis	missing	Haemophisalus	plague		"RusRAPI ""Microbe"""	missing | haemophisalus | plague
GCF_016102945.1	Yersinia pestis	missing	Pallasiomys meridianus	plague		"RusRAPI ""Microbe"""	missing | pallasiomys meridianus | plague
GCF_018704655.1	Yersinia pestis	missing	Unknown	missing		Center Lab, Yunnan Institute of Endemic Diseases Control and Prevention	no_information
GCF_018704485.1	Yersinia pestis	missing	missing	missing		Center Lab, Yunnan Institute of Endemic Diseases Control and Prevention	no_information
GCF_014734395.1	Yersinia pestis	body	Nosopsylla laeviceps	missing		Key Laboratory of Plague of Erenhot Customs	body | nosopsylla laeviceps | missing
GCF_016535475.1	Yersinia pseudotuberculosis	ATCC Isolate	ATCC strain	Unknown		ATCC	atcc isolate | atcc strain | unknown
GCF_016727765.1	Yersinia enterocolitica	missing	missing	Unknown		Paul Ehrlich Institut	no_information
GCF_016727905.1	Yersinia enterocolitica	missing	missing	Unknown		Paul Ehrlich Institut	no_information
GCF_021399135.1	Yersinia ruckeri	Pike				missing	pike | nan | nan
GCF_021399155.1	Yersinia ruckeri	-				missing	- | nan | nan
GCF_023212235.1	Yersinia ruckeri	eel tissue	Anguilla anguilla				eel tissue | anguilla anguilla | nan
GCA_028845125.1	Yersinia enterocolitica	Liver Tissue				WI	liver tissue | nan | nan
GCA_028845205.1	Yersinia enterocolitica	Liver Tissue				WI	liver tissue | nan | nan
GCA_028845165.1	Yersinia enterocolitica	Colon				WI	colon | nan | nan
GCA_028845005.1	Yersinia enterocolitica	Jejunum				WI	jejunum | nan | nan
GCA_028845045.1	Yersinia enterocolitica	Fecal Swab				WI	fecal swab | nan | nan
GCA_028844985.1	Yersinia enterocolitica	Fecal Swab				WI	fecal swab | nan | nan
GCA_028845145.1	Yersinia enterocolitica	Fecal Swab				WI	fecal swab | nan | nan
GCF_024495855.1	Yersinia enterocolitica	envrionmental				Sanigen	envrionmental | nan | nan
GCF_025133195.1	Yersinia alsatica	missing	missing				no_information
GCF_034423815.1	Yersinia aleksiciae	missing	missing				no_information
GCF_027947235.2	Yersinia mollaretii	missing	missing				no_information
GCF_027947195.1	Yersinia massiliensis	missing	missing				no_information
GCF_027947175.1	Yersinia rochesterensis	missing	missing				no_information
GCF_027947125.1	Yersinia kristensenii	missing	missing				no_information
GCF_027947155.1	Yersinia aleksiciae	missing	missing				no_information
GCF_027947115.2	Yersinia enterocolitica	missing	missing				no_information
GCF_027947075.1	Yersinia ruckeri	missing	missing				no_information
GCF_027947095.2	Yersinia intermedia	missing	missing				no_information
GCF_027947015.1	Yersinia intermedia	missing	missing				no_information
GCF_027947055.1	Yersinia intermedia	missing	missing				no_information
GCF_027947025.1	Yersinia intermedia	missing	missing				no_information
GCF_027946975.1	Yersinia kristensenii	missing	missing				no_information
GCF_027946955.1	Yersinia kristensenii	missing	missing				no_information
GCF_027946995.1	Yersinia kristensenii	missing	missing				no_information
GCF_027946915.1	Yersinia kristensenii	missing	missing				no_information
GCF_027946935.1	Yersinia mollaretii	missing	missing				no_information
GCF_027946895.1	Yersinia enterocolitica	missing	missing				no_information
GCF_034423835.1	Yersinia mollaretii	missing	missing				no_information
GCF_026183345.1	Yersinia intermedia	missing	missing				no_information
GCF_026183875.1	Yersinia intermedia	missing	missing				no_information
GCF_026183385.1	Yersinia massiliensis	missing	missing				no_information
GCF_026183365.1	Yersinia sp.	missing	missing				no_information
GCA_028831265.1	Yersinia enterocolitica	missing	missing	missing		missing	no_information
GCA_030257715.1	Yersinia pestis	missing	Niviventer niviventer	missing		Center Lab, Yunnan Institute of Endemic Diseases Control and Prevention	missing | niviventer niviventer | missing
GCA_030257315.1	Yersinia pestis	missing	Echinolaelaps echidninus	missing		Center Lab, Yunnan Institute of Endemic Diseases Control and Prevention	missing | echinolaelaps echidninus | missing
GCA_030255115.1	Yersinia pestis	missing	missing	missing		Center Lab, Yunnan Institute of Endemic Diseases Control and Prevention	no_information
GCA_030261795.1	Yersinia pestis	missing	Stiralius aporus rectodigitus	missing		Center Lab, Yunnan Institute of Endemic Diseases Control and Prevention	missing | stiralius aporus rectodigitus | missing
GCA_030260115.1	Yersinia pestis	missing	Callosciurus erythraeus	missing		Center Lab, Yunnan Institute of Endemic Diseases Control and Prevention	missing | callosciurus erythraeus | missing
GCF_036543245.1	Yersinia mollaretii		missing				no_information
GCF_030433455.1	Yersinia sp.						no_information
GCF_030385095.1	Yersinia intermedia	fresh potatoes				Voskresenskaya,E., Bogumilchik,E., Kokorina,G., Panin, A.	fresh potatoes | nan | nan
GCF_030385155.1	Yersinia mollaretii	intestine	Sorex araneus			Voskresenskaya,E., Bogumilchik,E., Kokorina,G., Poutonen,T., Klimov,V., Afanasev,M., Karimova,T., Chesnokova,M.	intestine | sorex araneus | nan
GCF_030385035.1	Yersinia rochesterensis	fresh potatoes				Voskresenskaya,E., Bogumilchik,E., Kokorina,G., Sofronova,O., Romanova,I., Klimov,V., Afanasev,M., Chesnokova,M.	fresh potatoes | nan | nan
GCF_031462545.1	Yersinia mollaretii	missing	missing				no_information
GCF_048593855.1	Yersinia sp.	intestines	Plectrophenax nivalis			Voskresenskaya,E., Bogumilchik,E., Kokorina,G., Goncharov, A., Mizin, I.	intestines | plectrophenax nivalis | nan
GCF_052217105.1	Yersinia sp.	missing	missing			Voskresenskaya,E., Bogumilchik,E., Kokorina,G., Goncharov, A., Mizin, I.	no_information
GCF_041409745.1	Yersinia pestis	not applicable					no_information
GCF_041902565.1	Yersinia pestis	missing	missing	missing		missing	no_information
GCF_041902745.1	Yersinia pestis	missing	missing	missing		missing	no_information
GCF_041902635.1	Yersinia pestis	missing	missing	missing		missing	no_information
GCF_041902725.1	Yersinia pestis	missing	missing	missing		missing	no_information
GCF_041902595.1	Yersinia pestis	missing	missing	missing		missing	no_information
GCF_041902675.1	Yersinia pestis	missing	missing	missing		missing	no_information
GCF_041902575.1	Yersinia pestis	missing	missing	missing		missing	no_information
GCF_041902665.1	Yersinia pestis	missing	missing	missing		missing	no_information
GCF_041902625.1	Yersinia pestis	missing	missing	missing		missing	no_information
GCF_041902685.1	Yersinia pestis	missing	missing	missing		missing	no_information
GCF_042128985.1	Yersinia intermedia		missing				no_information
GCF_050360435.1	Yersinia ruckeri						no_information
GCF_051155715.1	Yersinia pseudotuberculosis	Shoulder	Ploceus cucullatus	Osteomyelitis and myositis		Julian Chantrey	shoulder | ploceus cucullatus | osteomyelitis and myositis
GCA_046653805.1	Yersinia pestis						no_information
GCA_046653765.1	Yersinia pestis						no_information
GCA_046653725.1	Yersinia pestis						no_information
GCA_046653695.1	Yersinia pestis						no_information
GCA_046653655.1	Yersinia pestis						no_information
GCA_046653705.1	Yersinia pestis						no_information
GCA_046653565.1	Yersinia pestis						no_information
GCA_046650165.1	Yersinia pestis	Eulaelaps cricetuli					eulaelaps cricetuli | nan | nan
GCA_046659125.1	Yersinia pestis	Monopsyllus anisus					monopsyllus anisus | nan | nan
GCA_046659005.1	Yersinia pestis	Monopsyllus anisus					monopsyllus anisus | nan | nan
GCA_046665605.1	Yersinia pestis						no_information
GCA_046665085.1	Yersinia pestis	Eolagurus luteus					eolagurus luteus | nan | nan
GCA_046663765.1	Yersinia pestis	Ophthalmopsylla praefecta					ophthalmopsylla praefecta | nan | nan
GCA_046676305.1	Yersinia pestis	Ophthalmopsylla praefecta					ophthalmopsylla praefecta | nan | nan
GCA_046675565.1	Yersinia pestis	Amphipsylla primaris					amphipsylla primaris | nan | nan
GCA_046673645.1	Yersinia pestis	Ophthalmopsylla kiritschenkoi					ophthalmopsylla kiritschenkoi | nan | nan
GCA_046671095.1	Yersinia pestis	Eolagurus luteus					eolagurus luteus | nan | nan
GCA_046682685.1	Yersinia pestis	Amphipsylla tuta tuta					amphipsylla tuta tuta | nan | nan
GCA_046682665.1	Yersinia pestis	Amphipsylla tuta tuta					amphipsylla tuta tuta | nan | nan
GCA_046686985.1	Yersinia pestis						no_information
GCA_046686935.1	Yersinia pestis						no_information
GCA_046686925.1	Yersinia pestis						no_information
GCA_046686885.1	Yersinia pestis						no_information
GCA_046686905.1	Yersinia pestis						no_information
GCA_046686865.1	Yersinia pestis						no_information
GCA_046686825.1	Yersinia pestis						no_information
GCA_046686705.1	Yersinia pestis						no_information
GCA_046686665.1	Yersinia pestis						no_information
GCA_046686645.1	Yersinia pestis						no_information
GCA_046686625.1	Yersinia pestis						no_information
GCA_046686585.1	Yersinia pestis						no_information
GCA_046686565.1	Yersinia pestis						no_information
GCA_046686605.1	Yersinia pestis						no_information
GCA_046686545.1	Yersinia pestis						no_information
GCA_046686085.1	Yersinia pestis	Stenischia humilis					stenischia humilis | nan | nan
GCF_044905075.1	Yersinia vastinensis		missing				no_information
GCF_044872955.1	Yersinia kristensenii		missing				no_information
GCF_044784355.1	Yersinia rochesterensis		missing				no_information
GCF_044784375.1	Yersinia similis		missing				no_information
GCF_044784335.1	Yersinia intermedia		missing				no_information
GCF_051889235.1	Yersinia enterocolitica	Boot swab	Not applicable	Not applicable		ANSES, Unit of Hygiene and Quality of Poultry and Pork Products, Ploufragan, France	boot swab | not applicable | not applicable
GCF_052374445.1	Yersinia pestis		Unknown				no_information
GCF_052374375.1	Yersinia pestis		Unknown				no_information
GCF_052374335.1	Yersinia pestis		Unknown				no_information
GCF_050876945.1	Yersinia pseudotuberculosis	Limb	village weaver	Osteomyelitis and myositis		Julian Chantrey	limb | village weaver | osteomyelitis and myositis
GCF_053211015.1	Yersinia enterocolitica	Unknown	not collected				no_information
GCF_053210885.1	Yersinia enterocolitica	Unknown	not collected				no_information
GCF_053210845.1	Yersinia enterocolitica	Unknown	not collected				no_information
GCF_053210575.1	Yersinia enterocolitica	Unknown	not collected				no_information
GCF_053210585.1	Yersinia enterocolitica	Unknown	not collected				no_information
GCF_056175585.1	Yersinia pestis	not applicable	not applicable				no_information
